player_id,pts_u10,xpts_u10,pts_o10,xpts_o10,pts_3p,xpts_3p,Pts,xPts,Player,Diff,Diff_u10,Diff_o10,Diff_3p
201142,226.0,192.67859,392.0,267.7731,222.0,182.41049,840.0,642.8622,Kevin Durant,197.1378173828125,33.3214111328125,124.22689819335938,39.589508056640625
1628378,460.0,409.7822,240.0,200.06024,543.0,467.65887,1243.0,1077.5013,Donovan Mitchell,165.4986572265625,50.217803955078125,39.93975830078125,75.34112548828125
202681,374.0,334.58844,274.0,207.98071,435.0,390.16446,1083.0,932.7336,Kyrie Irving,150.26641845703125,39.41156005859375,66.019287109375,44.835540771484375
203999,682.0,591.9085,158.0,113.50367,135.0,121.17819,975.0,826.59033,Nikola Jokic,148.40966796875,90.09149169921875,44.49633026123047,13.821807861328125
201939,332.0,298.22476,124.0,119.50117,573.0,464.00806,1029.0,881.734,Stephen Curry,147.2659912109375,33.775238037109375,4.498832702636719,108.991943359375
202695,260.0,238.22314,306.0,250.28667,264.0,210.32065,830.0,698.83044,Kawhi Leonard,131.1695556640625,21.77685546875,55.71333312988281,53.679351806640625
203954,578.0,516.1232,390.0,327.265,159.0,161.58983,1127.0,1004.9781,Joel Embiid,122.02191162109375,61.87677001953125,62.7349853515625,-2.5898284912109375
1630169,344.0,317.2088,106.0,86.431946,414.0,345.32806,864.0,748.9688,Tyrese Haliburton,115.03118896484375,26.79119873046875,19.56805419921875,68.67193603515625
1629029,496.0,404.95605,218.0,197.22781,396.0,392.8206,1110.0,995.00446,Luka Doncic,114.99554443359375,91.0439453125,20.772186279296875,3.179412841796875
201942,366.0,312.29184,476.0,421.92667,99.0,106.96275,941.0,841.1813,DeMar DeRozan,99.8187255859375,53.708160400390625,54.073333740234375,-7.9627532958984375
1626164,358.0,332.89148,328.0,263.73248,267.0,260.39288,953.0,857.01685,Devin Booker,95.983154296875,25.1085205078125,64.26751708984375,6.60711669921875
1628989,286.0,262.5764,110.0,97.09566,429.0,374.74792,825.0,734.4199,Kevin Huerter,90.580078125,23.423614501953125,12.904342651367188,54.2520751953125
1628368,528.0,446.1884,308.0,281.8984,285.0,302.4964,1121.0,1030.5831,De'Aaron Fox,90.4168701171875,81.81161499023438,26.101593017578125,-17.49639892578125
1630559,210.0,174.4101,96.0,81.02755,189.0,151.15106,495.0,406.5887,Austin Reaves,88.41128540039062,35.58990478515625,14.972450256347656,37.84893798828125
1627734,692.0,624.77295,90.0,72.0805,72.0,70.74333,854.0,767.5968,Domantas Sabonis,86.4031982421875,67.22705078125,17.91950225830078,1.2566680908203125
1627741,248.0,261.00836,92.0,91.195786,519.0,420.6003,859.0,772.80444,Buddy Hield,86.195556640625,-13.00836181640625,0.8042144775390625,98.39968872070312
1629008,248.0,236.78822,118.0,107.789795,375.0,312.29462,741.0,656.8726,Michael Porter Jr.,84.12738037109375,11.211776733398438,10.210205078125,62.70538330078125
203081,342.0,312.52002,142.0,113.76371,546.0,519.61255,1030.0,945.8963,Damian Lillard,84.10369873046875,29.47998046875,28.236289978027344,26.387451171875
203078,376.0,342.48306,244.0,205.65631,192.0,181.96875,812.0,730.10815,Bradley Beal,81.891845703125,33.516937255859375,38.34368896484375,10.03125
1628379,46.0,53.20561,60.0,51.928967,297.0,216.06776,403.0,321.20233,Luke Kennard,81.79766845703125,-7.205608367919922,8.071033477783203,80.93223571777344
203897,528.0,476.74988,208.0,204.13283,447.0,423.73465,1183.0,1104.6174,Zach LaVine,78.382568359375,51.2501220703125,3.8671722412109375,23.265350341796875
1626156,262.0,242.02087,172.0,150.93188,408.0,372.6613,842.0,765.614,D'Angelo Russell,76.385986328125,19.9791259765625,21.068115234375,35.338714599609375
201935,218.0,226.15332,114.0,98.3421,402.0,333.96158,734.0,658.45703,James Harden,75.54296875,-8.1533203125,15.65789794921875,68.03842163085938
1627750,316.0,302.5535,202.0,203.38094,405.0,341.59644,923.0,847.5309,Jamal Murray,75.4691162109375,13.446502685546875,-1.3809356689453125,63.403564453125
203992,122.0,116.12867,110.0,101.83582,309.0,248.6085,541.0,466.573,Bogdan Bogdanovic,74.427001953125,5.871330261230469,8.164176940917969,60.39149475097656
1628983,534.0,519.9408,346.0,287.80304,153.0,152.13834,1033.0,959.8822,Shai Gilgeous-Alexander,73.1177978515625,14.0592041015625,58.19696044921875,0.861663818359375
1629636,394.0,394.3236,210.0,199.82257,411.0,348.36505,1015.0,942.5112,Darius Garland,72.48876953125,-0.3236083984375,10.17742919921875,62.63494873046875
1629014,286.0,261.77847,148.0,137.32458,435.0,400.60068,869.0,799.70374,Anfernee Simons,69.2962646484375,24.221527099609375,10.6754150390625,34.399322509765625
1628976,324.0,272.931,84.0,83.99462,138.0,122.72728,546.0,479.6529,Wendell Carter Jr.,66.34710693359375,51.069000244140625,0.00537872314453125,15.272720336914062
1630217,364.0,361.75607,116.0,104.62043,396.0,343.93497,876.0,810.31146,Desmond Bane,65.68853759765625,2.243927001953125,11.379570007324219,52.065032958984375
1629651,632.0,568.66113,14.0,9.7860155,0.0,2.239941,646.0,580.6871,Nicolas Claxton,65.31292724609375,63.3388671875,4.213984489440918,-2.239940881729126
202711,268.0,257.7367,188.0,163.95847,276.0,246.67725,732.0,668.37244,Bojan Bogdanovic,63.6275634765625,10.2633056640625,24.041534423828125,29.32275390625
201950,366.0,332.3107,152.0,139.92525,351.0,334.44022,869.0,806.67615,Jrue Holiday,62.3238525390625,33.689300537109375,12.074752807617188,16.559783935546875
1628973,326.0,336.5026,236.0,207.65387,327.0,282.62805,889.0,826.78455,Jalen Brunson,62.2154541015625,-10.502593994140625,28.34613037109375,44.3719482421875
202691,188.0,205.96925,218.0,227.64722,516.0,426.76965,922.0,860.3861,Klay Thompson,61.6138916015625,-17.969253540039062,-9.647216796875,89.2303466796875
1629655,388.0,330.34906,18.0,14.55541,0.0,0.0,406.0,344.90448,Daniel Gafford,61.09552001953125,57.65093994140625,3.444589614868164,0.0
203903,364.0,339.82605,134.0,110.56539,378.0,364.7428,876.0,815.1343,Jordan Clarkson,60.86572265625,24.1739501953125,23.434608459472656,13.2572021484375
1629639,284.0,262.32715,206.0,209.91801,456.0,414.46536,946.0,886.7105,Tyler Herro,59.28948974609375,21.6728515625,-3.9180145263671875,41.534637451171875
204456,288.0,275.20517,142.0,111.99198,66.0,52.016987,496.0,439.21414,T.J. McConnell,56.785858154296875,12.794830322265625,30.008018493652344,13.983013153076172
204001,400.0,374.51013,192.0,175.34196,228.0,213.59924,820.0,763.45135,Kristaps Porzingis,56.54864501953125,25.4898681640625,16.658035278320312,14.4007568359375
1631100,148.0,147.58777,120.0,100.02718,234.0,198.16074,502.0,445.7757,AJ Griffin,56.22430419921875,0.4122314453125,19.972816467285156,35.839263916015625
203944,506.0,457.42947,238.0,220.81082,423.0,433.57816,1167.0,1111.8185,Julius Randle,55.1815185546875,48.570526123046875,17.189178466796875,-10.578155517578125
201572,372.0,342.6157,102.0,94.87837,222.0,205.29077,696.0,642.7848,Brook Lopez,53.2152099609375,29.384307861328125,7.1216278076171875,16.709228515625
1627742,238.0,218.81311,310.0,280.594,126.0,122.06089,674.0,621.468,Brandon Ingram,52.531982421875,19.1868896484375,29.406005859375,3.9391098022460938
203552,56.0,54.83702,166.0,131.87218,210.0,193.94864,432.0,380.65784,Seth Curry,51.3421630859375,1.1629791259765625,34.12782287597656,16.051361083984375
203486,460.0,411.89883,22.0,19.00296,0.0,0.0,482.0,430.9018,Mason Plumlee,51.09820556640625,48.101165771484375,2.997039794921875,0.0
1630183,368.0,348.0348,78.0,76.1483,192.0,163.10704,638.0,587.29016,Jaden McDaniels,50.7098388671875,19.9652099609375,1.8516998291015625,28.892959594726562
1630178,312.0,330.74286,134.0,130.98816,354.0,287.97552,800.0,749.70654,Tyrese Maxey,50.29345703125,-18.74285888671875,3.0118408203125,66.02447509765625
1627751,416.0,384.00525,94.0,75.7892,0.0,0.8007265,510.0,460.59518,Jakob Poeltl,49.404815673828125,31.9947509765625,18.210800170898438,-0.8007264733314514
1630198,60.0,61.538704,66.0,54.650726,324.0,286.2222,450.0,402.41162,Isaiah Joe,47.58837890625,-1.5387039184570312,11.349273681640625,37.777801513671875
202696,500.0,445.7028,152.0,152.48705,156.0,162.35777,808.0,760.5476,Nikola Vucevic,47.452392578125,54.297210693359375,-0.4870452880859375,-6.3577728271484375
1628969,394.0,401.51434,324.0,304.2363,336.0,302.59393,1054.0,1008.34454,Mikal Bridges,45.65545654296875,-7.51434326171875,19.763702392578125,33.40606689453125
1627759,608.0,565.0004,220.0,205.49677,327.0,338.93405,1155.0,1109.4312,Jaylen Brown,45.56884765625,42.99957275390625,14.50323486328125,-11.934051513671875
1630573,72.0,65.36566,6.0,7.4529724,261.0,223.51097,339.0,296.3296,Sam Hauser,42.67041015625,6.63433837890625,-1.452972412109375,37.48902893066406
203082,60.0,63.62529,132.0,109.51613,201.0,178.27908,393.0,351.42053,Terrence Ross,41.5794677734375,-3.6252899169921875,22.483871459960938,22.720916748046875
204060,36.0,35.170567,8.0,6.8244166,201.0,161.52254,245.0,203.51752,Joe Ingles,41.48248291015625,0.8294334411621094,1.1755833625793457,39.47746276855469
202699,408.0,398.60284,102.0,97.21303,243.0,215.85567,753.0,711.6715,Tobias Harris,41.3284912109375,9.39715576171875,4.7869720458984375,27.144332885742188
1627763,260.0,271.72708,108.0,98.5196,261.0,218.14778,629.0,588.3945,Malcolm Brogdon,40.60552978515625,-11.727081298828125,9.480400085449219,42.85221862792969
1628991,442.0,394.32315,18.0,23.405113,168.0,169.76698,628.0,587.49524,Jaren Jackson Jr.,40.5047607421875,47.676849365234375,-5.405113220214844,-1.7669830322265625
1629627,364.0,318.90723,12.0,15.504648,15.0,17.267588,391.0,351.67947,Zion Williamson,39.320526123046875,45.0927734375,-3.504648208618164,-2.267587661743164
1629675,372.0,326.67252,6.0,10.103086,126.0,127.939514,504.0,464.71512,Naz Reid,39.284881591796875,45.327484130859375,-4.103086471557617,-1.93951416015625
202331,294.0,272.61035,216.0,211.62756,321.0,307.53223,831.0,791.77014,Paul George,39.2298583984375,21.3896484375,4.3724365234375,13.4677734375
202694,110.0,107.74932,176.0,152.25603,234.0,221.56776,520.0,481.57312,Marcus Morris Sr.,38.4268798828125,2.2506790161132812,23.743972778320312,12.432235717773438
1626181,286.0,276.48178,92.0,91.50365,252.0,223.58778,630.0,591.57324,Norman Powell,38.4267578125,9.518218994140625,0.4963531494140625,28.412216186523438
203468,316.0,340.52173,320.0,299.058,453.0,411.77118,1089.0,1051.351,CJ McCollum,37.6490478515625,-24.521728515625,20.941986083984375,41.22882080078125
203507,812.0,700.4048,136.0,164.89206,105.0,150.31224,1053.0,1015.6091,Giannis Antetokounmpo,37.39093017578125,111.59521484375,-28.892059326171875,-45.31224060058594
1629642,100.0,98.301605,38.0,36.60696,156.0,122.04527,294.0,256.95386,Nassir Little,37.046142578125,1.698394775390625,1.3930397033691406,33.95472717285156
1630182,232.0,213.1549,26.0,20.763538,129.0,116.129074,387.0,350.04752,Josh Green,36.952484130859375,18.8450927734375,5.236461639404297,12.870925903320312
1629028,490.0,454.30695,182.0,174.49438,21.0,27.422655,693.0,656.224,Deandre Ayton,36.7760009765625,35.69305419921875,7.505615234375,-6.42265510559082
1628420,164.0,153.59796,142.0,117.42826,174.0,172.35759,480.0,443.38382,Monte Morris,36.616180419921875,10.40203857421875,24.571739196777344,1.6424102783203125
1627736,150.0,152.21376,102.0,103.64661,480.0,440.05457,732.0,695.9149,Malik Beasley,36.0850830078125,-2.2137603759765625,-1.6466064453125,39.9454345703125
1626171,338.0,332.9317,170.0,147.56607,168.0,160.23367,676.0,640.73145,Bobby Portis,35.2685546875,5.06829833984375,22.433929443359375,7.766326904296875
1629611,304.0,286.46042,52.0,48.975285,168.0,154.80226,524.0,490.23798,Terance Mann,33.76202392578125,17.539581298828125,3.0247154235839844,13.197738647460938
203915,318.0,307.23062,114.0,113.068436,417.0,395.98663,849.0,816.28564,Spencer Dinwiddie,32.71435546875,10.769378662109375,0.9315643310546875,21.01336669921875
1628380,318.0,296.42563,54.0,58.04489,105.0,90.80584,477.0,445.27637,Zach Collins,31.7236328125,21.574371337890625,-4.044891357421875,14.194160461425781
202692,78.0,85.8548,96.0,90.056786,234.0,201.14493,408.0,377.05652,Alec Burks,30.9434814453125,-7.85479736328125,5.943214416503906,32.855072021484375
203924,356.0,349.57526,132.0,137.48177,264.0,234.51624,752.0,721.57324,Jerami Grant,30.4267578125,6.42474365234375,-5.4817657470703125,29.4837646484375
1627749,362.0,378.95782,346.0,302.10263,282.0,278.64868,990.0,959.70917,Dejounte Murray,30.29083251953125,-16.95782470703125,43.897369384765625,3.351318359375
202710,544.0,542.44446,162.0,142.32368,96.0,87.89947,802.0,772.6676,Jimmy Butler,29.3323974609375,1.5555419921875,19.676315307617188,8.100532531738281
1628369,668.0,630.0736,134.0,146.14651,498.0,494.46396,1300.0,1270.6841,Jayson Tatum,29.31591796875,37.9263916015625,-12.146514892578125,3.536041259765625
1630530,310.0,292.83636,26.0,36.530838,273.0,250.36494,609.0,579.7322,Trey Murphy III,29.267822265625,17.16363525390625,-10.530838012695312,22.635055541992188
1626157,186.0,167.68723,44.0,41.76585,102.0,93.63469,332.0,303.08777,Karl-Anthony Towns,28.9122314453125,18.312774658203125,2.234149932861328,8.365310668945312
1629626,358.0,297.90222,66.0,71.73541,87.0,113.01798,511.0,482.6556,Bol Bol,28.344390869140625,60.0977783203125,-5.73541259765625,-26.017982482910156
1626196,90.0,98.38817,140.0,118.223175,207.0,192.2566,437.0,408.86798,Josh Richardson,28.13201904296875,-8.388168334960938,21.776824951171875,14.743392944335938
203925,92.0,94.641235,18.0,20.10156,270.0,237.14485,380.0,351.88763,Joe Harris,28.11236572265625,-2.6412353515625,-2.101560592651367,32.85514831542969
1626167,384.0,367.9314,70.0,58.747723,159.0,158.41438,613.0,585.0935,Myles Turner,27.906494140625,16.068603515625,11.252277374267578,0.5856170654296875
1628374,464.0,465.82208,98.0,82.17304,261.0,247.6615,823.0,795.6566,Lauri Markkanen,27.3433837890625,-1.82208251953125,15.826957702636719,13.3385009765625
203932,514.0,469.26266,48.0,64.21066,156.0,157.47083,718.0,690.94415,Aaron Gordon,27.05584716796875,44.737335205078125,-16.210662841796875,-1.4708251953125
1629661,144.0,141.37749,78.0,69.31984,159.0,143.61237,381.0,354.3097,Cameron Johnson,26.6903076171875,2.6225128173828125,8.680160522460938,15.38763427734375
1630557,226.0,205.57373,18.0,18.65523,246.0,240.06001,490.0,464.28897,Corey Kispert,25.711029052734375,20.42626953125,-0.6552295684814453,5.9399871826171875
1627752,152.0,149.28856,42.0,32.249733,168.0,154.76918,362.0,336.3075,Taurean Prince,25.6925048828125,2.7114410400390625,9.750267028808594,13.230819702148438
1629057,180.0,153.36809,6.0,6.266033,0.0,0.87004477,186.0,160.50417,Robert Williams III,25.495834350585938,26.631912231445312,-0.2660331726074219,-0.8700447678565979
201599,138.0,115.63595,2.0,1.3258591,3.0,1.0179513,143.0,117.97976,DeAndre Jordan,25.020240783691406,22.364051818847656,0.6741409301757812,1.982048749923706
1629026,188.0,177.26349,58.0,46.38564,96.0,93.77845,342.0,317.42758,Kenrich Williams,24.572418212890625,10.73651123046875,11.614360809326172,2.2215499877929688
1626169,70.0,61.574787,20.0,16.364025,45.0,32.79897,135.0,110.73778,Stanley Johnson,24.262222290039062,8.425212860107422,3.635974884033203,12.201030731201172
203926,144.0,167.75826,48.0,51.58802,240.0,189.4998,432.0,408.84607,Doug McDermott,23.1539306640625,-23.758255004882812,-3.5880203247070312,50.50019836425781
1629234,282.0,257.45938,40.0,37.335835,9.0,13.203239,331.0,307.99844,Drew Eubanks,23.001556396484375,24.540618896484375,2.664165496826172,-4.203239440917969
203484,160.0,184.81245,128.0,123.72796,285.0,242.12169,573.0,550.6621,Kentavious Caldwell-Pope,22.337890625,-24.812454223632812,4.272041320800781,42.87831115722656
1630532,540.0,531.6854,92.0,88.26056,303.0,293.39722,935.0,913.3432,Franz Wagner,21.65679931640625,8.3145751953125,3.73944091796875,9.602783203125
1627739,128.0,117.56656,14.0,11.915616,39.0,30.660866,181.0,160.14304,Kris Dunn,20.856964111328125,10.433441162109375,2.084383964538574,8.339134216308594
1630171,206.0,199.15677,0.0,1.2877936,114.0,99.178154,320.0,299.6227,Isaac Okoro,20.377288818359375,6.843231201171875,-1.2877936363220215,14.821846008300781
203939,286.0,260.9203,4.0,3.7609131,0.0,5.5543323,290.0,270.23553,Dwight Powell,19.76446533203125,25.0797119140625,0.23908686637878418,-5.554332256317139
101108,58.0,78.177925,222.0,192.39764,225.0,214.69394,505.0,485.2695,Chris Paul,19.730499267578125,-20.17792510986328,29.60235595703125,10.306060791015625
1629018,240.0,262.80405,194.0,175.18861,345.0,321.52075,779.0,759.5134,Gary Trent Jr.,19.486572265625,-22.804046630859375,18.811386108398438,23.479248046875
1630570,226.0,213.35504,34.0,28.850296,63.0,61.33671,323.0,303.54205,Trendon Watford,19.45794677734375,12.64495849609375,5.1497039794921875,1.6632881164550781
1627826,440.0,415.2952,4.0,7.375793,0.0,1.887996,444.0,424.559,Ivica Zubac,19.441009521484375,24.704803466796875,-3.375792980194092,-1.887995958328247
1628404,334.0,311.98654,36.0,40.371487,123.0,121.20974,493.0,473.56775,Josh Hart,19.4322509765625,22.013458251953125,-4.371486663818359,1.7902603149414062
1630170,124.0,130.37909,152.0,145.31187,204.0,184.96567,480.0,460.65662,Devin Vassell,19.3433837890625,-6.37908935546875,6.6881256103515625,19.034332275390625
1629632,182.0,175.24594,62.0,59.651024,216.0,206.11346,460.0,441.01044,Coby White,18.98956298828125,6.754058837890625,2.3489761352539062,9.88653564453125
1626204,252.0,234.62067,28.0,27.64694,36.0,34.853207,316.0,297.12082,Larry Nance Jr.,18.879180908203125,17.37933349609375,0.3530597686767578,1.1467933654785156
1627936,128.0,124.29902,12.0,17.71324,132.0,111.771225,272.0,253.78348,Alex Caruso,18.216522216796875,3.7009811401367188,-5.713239669799805,20.228775024414062
1629645,296.0,301.7917,128.0,121.36141,330.0,312.97424,754.0,736.1273,Kevin Porter Jr.,17.8726806640625,-5.79168701171875,6.638587951660156,17.0257568359375
201143,130.0,135.11716,18.0,23.748735,171.0,142.82616,319.0,301.69205,Al Horford,17.307952880859375,-5.117156982421875,-5.748735427856445,28.173843383789062
1629656,220.0,197.07497,10.0,17.778063,255.0,252.88695,485.0,467.74,Quentin Grimes,17.260009765625,22.925033569335938,-7.77806282043457,2.1130523681640625
203937,306.0,311.05014,62.0,57.69873,105.0,87.2774,473.0,456.02628,Kyle Anderson,16.973724365234375,-5.050140380859375,4.30126953125,17.72260284423828
1628962,92.0,73.78569,0.0,1.7602586,0.0,0.0,92.0,75.54595,Udoka Azubuike,16.45404815673828,18.214309692382812,-1.7602585554122925,0.0
1629660,110.0,104.2646,46.0,41.637894,81.0,74.75139,237.0,220.65388,Ty Jerome,16.346115112304688,5.7353973388671875,4.3621063232421875,6.2486114501953125
1630193,284.0,275.09317,154.0,146.54794,360.0,360.35803,798.0,781.99915,Immanuel Quickley,16.0008544921875,8.906829833984375,7.452056884765625,-0.3580322265625
1630578,576.0,556.8434,46.0,45.929344,51.0,55.030724,673.0,657.80347,Alperen Sengun,15.196533203125,19.1566162109375,0.07065582275390625,-4.030723571777344
1628418,258.0,251.93886,40.0,39.847916,51.0,42.538338,349.0,334.3251,Thomas Bryant,14.674896240234375,6.0611419677734375,0.1520843505859375,8.461662292480469
1630175,184.0,206.62863,158.0,126.4899,171.0,165.2397,513.0,498.35825,Cole Anthony,14.641754150390625,-22.628631591796875,31.510101318359375,5.7602996826171875
1630579,124.0,109.0313,4.0,4.015952,0.0,0.61104447,128.0,113.6583,Jericho Sims,14.341697692871094,14.968696594238281,-0.015952110290527344,-0.6110444664955139
1629646,112.0,101.59584,22.0,17.598791,6.0,6.6546545,140.0,125.84929,Charles Bassey,14.150711059570312,10.404159545898438,4.401208877563477,-0.6546545028686523
1628365,372.0,359.37158,172.0,149.77638,48.0,68.723465,592.0,577.87146,Markelle Fultz,14.1285400390625,12.62841796875,22.223617553710938,-20.723464965820312
201988,28.0,25.393099,40.0,40.81282,111.0,98.937775,179.0,165.14369,Patty Mills,13.856307983398438,2.606901168823242,-0.8128204345703125,12.062225341796875
203076,540.0,497.64258,182.0,187.66142,36.0,59.1881,758.0,744.49207,Anthony Davis,13.5079345703125,42.357421875,-5.6614227294921875,-23.188098907470703
1626174,400.0,376.7934,66.0,70.574356,174.0,179.64848,640.0,627.01624,Christian Wood,12.9837646484375,23.20660400390625,-4.5743560791015625,-5.6484832763671875
1626145,158.0,167.93555,174.0,151.70468,228.0,227.85945,560.0,547.4997,Tyus Jones,12.50030517578125,-9.935546875,22.295318603515625,0.1405487060546875
1627747,272.0,298.16342,80.0,86.62651,276.0,230.8009,628.0,615.5908,Caris LeVert,12.4091796875,-26.163421630859375,-6.6265106201171875,45.1990966796875
1629012,290.0,292.92978,62.0,52.02045,114.0,108.83482,466.0,453.78503,Collin Sexton,12.2149658203125,-2.929779052734375,9.979549407958984,5.1651763916015625
1629216,114.0,125.14268,90.0,69.95292,267.0,263.6952,471.0,458.79077,Gabe Vincent,12.209228515625,-11.142677307128906,20.047080993652344,3.3048095703125
201577,76.0,67.07329,4.0,2.334314,6.0,4.4331746,86.0,73.840775,Robin Lopez,12.159225463867188,8.926712036132812,1.6656858921051025,1.5668253898620605
1631114,422.0,402.58896,90.0,92.425575,144.0,148.91402,656.0,643.9286,Jalen Williams,12.0714111328125,19.411041259765625,-2.4255752563476562,-4.9140167236328125
203488,54.0,57.74225,38.0,28.473003,108.0,101.86132,200.0,188.07657,Mike Muscala,11.923431396484375,-3.74224853515625,9.526996612548828,6.138679504394531
1630560,138.0,142.66037,118.0,117.008286,135.0,119.64453,391.0,379.31317,Cam Thomas,11.68682861328125,-4.660369873046875,0.9917144775390625,15.35546875
203526,64.0,55.462765,22.0,12.385596,33.0,39.5746,119.0,107.42296,Raul Neto,11.577041625976562,8.537235260009766,9.61440372467041,-6.5746002197265625
203497,402.0,387.31857,12.0,12.524741,0.0,2.6355362,414.0,402.47885,Rudy Gobert,11.521148681640625,14.681427001953125,-0.5247411727905273,-2.6355361938476562
1630219,14.0,17.939579,18.0,14.49196,27.0,15.26846,59.0,47.699997,Skylar Mays,11.300003051757812,-3.9395790100097656,3.508040428161621,11.731539726257324
1629684,182.0,180.05942,14.0,20.830349,222.0,205.9579,418.0,406.84766,Grant Williams,11.15234375,1.940582275390625,-6.830348968505859,16.042098999023438
203914,70.0,74.051125,10.0,13.937434,180.0,160.92444,260.0,248.913,Gary Harris,11.087005615234375,-4.051124572753906,-3.937434196472168,19.0755615234375
203210,134.0,119.857704,10.0,9.450974,78.0,81.84909,222.0,211.15778,JaMychal Green,10.84222412109375,14.142295837402344,0.5490255355834961,-3.849090576171875
1630168,410.0,398.07315,46.0,45.12219,12.0,13.967993,468.0,457.16333,Onyeka Okongwu,10.836669921875,11.926849365234375,0.8778114318847656,-1.9679927825927734
1626246,66.0,55.443745,10.0,8.594938,0.0,1.1447551,76.0,65.18344,Boban Marjanovic,10.816558837890625,10.556255340576172,1.4050617218017578,-1.1447551250457764
1629631,224.0,252.77893,244.0,200.1846,213.0,217.34624,681.0,670.30975,De'Andre Hunter,10.69024658203125,-28.7789306640625,43.815399169921875,-4.3462371826171875
1627745,72.0,70.16647,4.0,2.5734866,24.0,16.61485,100.0,89.35481,Damian Jones,10.645187377929688,1.833526611328125,1.426513433456421,7.385150909423828
1627780,48.0,46.994812,2.0,0.68073547,30.0,21.984695,80.0,69.66024,Gary Payton II,10.339759826660156,1.00518798828125,1.319264531135559,8.015304565429688
1629004,44.0,51.51418,18.0,21.359571,99.0,77.96901,161.0,150.84276,Svi Mykhailiuk,10.157241821289062,-7.514179229736328,-3.3595714569091797,21.030990600585938
1630237,132.0,118.64903,8.0,9.1005,135.0,137.09424,275.0,264.84375,Anthony Lamb,10.15625,13.350967407226562,-1.1005001068115234,-2.09423828125
1626172,336.0,324.80615,24.0,24.115868,0.0,1.0179513,360.0,349.93997,Kevon Looney,10.060028076171875,11.19384765625,-0.11586761474609375,-1.017951250076294
203991,412.0,400.63126,0.0,0.5916224,0.0,0.87004477,412.0,402.09293,Clint Capela,9.907073974609375,11.368743896484375,-0.5916224122047424,-0.8700447678565979
1631109,222.0,212.52264,14.0,13.770441,0.0,0.0,236.0,226.29309,Mark Williams,9.7069091796875,9.47735595703125,0.22955894470214844,0.0
1631260,6.0,9.571443,12.0,10.19183,87.0,75.78855,105.0,95.55182,AJ Green,9.44818115234375,-3.5714426040649414,1.8081703186035156,11.211448669433594
201980,2.0,4.6661806,6.0,4.65505,42.0,31.23903,50.0,40.56026,Danny Green,9.439739227294922,-2.6661806106567383,1.3449501991271973,10.760969161987305
2544,612.0,546.6421,168.0,193.27165,252.0,282.71835,1032.0,1022.6321,LeBron James,9.367919921875,65.35791015625,-25.271652221679688,-30.718353271484375
1631117,348.0,338.56363,4.0,4.0605545,3.0,3.2693775,355.0,345.89355,Walker Kessler,9.1064453125,9.436370849609375,-0.06055450439453125,-0.2693774700164795
201580,126.0,117.67231,2.0,2.4332998,6.0,5.0844817,134.0,125.190094,JaVale McGee,8.809906005859375,8.327690124511719,-0.4332997798919678,0.9155182838439941
1629011,246.0,236.55699,0.0,0.68139046,0.0,0.0,246.0,237.23839,Mitchell Robinson,8.761611938476562,9.443008422851562,-0.6813904643058777,0.0
1629634,272.0,274.84134,58.0,43.16216,3.0,6.4655666,333.0,324.46906,Brandon Clarke,8.53094482421875,-2.841339111328125,14.837841033935547,-3.465566635131836
1630231,532.0,498.87305,2.0,3.3295438,117.0,141.04007,651.0,643.2427,Kenyon Martin Jr.,7.75732421875,33.126953125,-1.3295438289642334,-24.040069580078125
1629638,90.0,96.69287,32.0,31.20271,129.0,115.44055,251.0,243.33614,Nickeil Alexander-Walker,7.6638641357421875,-6.69287109375,0.7972908020019531,13.5594482421875
1627777,94.0,96.76209,16.0,12.780987,270.0,262.99005,380.0,372.5331,Georges Niang,7.466888427734375,-2.7620925903320312,3.219013214111328,7.00994873046875
201569,256.0,247.46004,18.0,24.04477,249.0,244.04759,523.0,515.55237,Eric Gordon,7.4476318359375,8.539962768554688,-6.044769287109375,4.9524078369140625
203933,98.0,107.95278,106.0,82.16115,42.0,48.47483,246.0,238.58878,T.J. Warren,7.411224365234375,-9.952781677246094,23.838851928710938,-6.474830627441406
1628427,108.0,110.32448,8.0,10.458933,96.0,84.17447,212.0,204.95789,Vlatko Cancar,7.0421142578125,-2.3244781494140625,-2.458932876586914,11.825531005859375
1630541,94.0,89.14649,12.0,10.349304,108.0,107.66373,214.0,207.15952,Moses Moody,6.840484619140625,4.853507995605469,1.65069580078125,0.336273193359375
202330,192.0,190.04594,210.0,183.53879,93.0,114.709366,495.0,488.29413,Gordon Hayward,6.70587158203125,1.9540557861328125,26.461212158203125,-21.709365844726562
1626158,70.0,74.68396,14.0,8.782293,15.0,8.975851,99.0,92.44211,Richaun Holmes,6.557891845703125,-4.6839599609375,5.217706680297852,6.024148941040039
1629117,224.0,209.50914,6.0,6.3954506,27.0,34.750862,257.0,250.65546,Wenyen Gabriel,6.34454345703125,14.490859985351562,-0.3954505920410156,-7.750862121582031
1630214,262.0,259.38794,38.0,30.930796,12.0,15.347373,312.0,305.6661,Xavier Tillman,6.333892822265625,2.612060546875,7.069204330444336,-3.3473730087280273
1631108,20.0,32.290527,16.0,15.192618,69.0,51.310154,105.0,98.7933,Max Christie,6.206703186035156,-12.29052734375,0.8073816299438477,17.68984603881836
1628984,44.0,53.844402,36.0,33.7127,294.0,280.38632,374.0,367.94342,Devonte' Graham,6.05657958984375,-9.844402313232422,2.2873001098632812,13.613677978515625
1630643,16.0,12.251314,2.0,2.587179,12.0,9.127815,30.0,23.966309,Jay Huff,6.03369140625,3.748685836791992,-0.5871789455413818,2.8721847534179688
1628963,258.0,242.0204,44.0,43.20686,48.0,58.845264,350.0,344.0725,Marvin Bagley III,5.927490234375,15.979598999023438,0.7931404113769531,-10.845264434814453
1630692,160.0,155.70175,72.0,64.97835,93.0,98.6651,325.0,319.3452,Jordan Goodwin,5.65478515625,4.298248291015625,7.0216522216796875,-5.66510009765625
1630233,60.0,55.486137,0.0,1.4091386,21.0,18.556175,81.0,75.45145,Nathan Knight,5.548553466796875,4.513862609863281,-1.409138560295105,2.4438247680664062
201588,62.0,56.82964,24.0,15.939893,72.0,79.744316,158.0,152.51385,George Hill,5.48614501953125,5.170360565185547,8.060107231140137,-7.744316101074219
1629139,94.0,98.82992,12.0,13.341245,105.0,93.38617,211.0,205.55734,Yuta Watanabe,5.442657470703125,-4.829917907714844,-1.3412446975708008,11.61383056640625
1628436,150.0,139.0368,2.0,3.796163,9.0,12.739397,161.0,155.57236,Luke Kornet,5.427642822265625,10.96319580078125,-1.7961630821228027,-3.7393970489501953
1628401,292.0,306.7858,76.0,59.149677,249.0,245.78236,617.0,611.71783,Derrick White,5.28216552734375,-14.785797119140625,16.850322723388672,3.2176361083984375
1627783,578.0,559.2991,264.0,260.94705,201.0,217.56271,1043.0,1037.8088,Pascal Siakam,5.191162109375,18.700927734375,3.052947998046875,-16.562713623046875
1628960,160.0,165.95465,16.0,22.953661,273.0,254.93895,449.0,443.84726,Grayson Allen,5.152740478515625,-5.95465087890625,-6.95366096496582,18.061050415039062
1630215,8.0,7.8274693,2.0,2.2543085,18.0,12.9846115,28.0,23.06639,Jared Butler,4.933610916137695,0.1725306510925293,-0.25430846214294434,5.015388488769531
1627814,116.0,126.149506,58.0,65.55756,189.0,166.62083,363.0,358.3279,Damion Lee,4.672088623046875,-10.149505615234375,-7.557563781738281,22.379165649414062
1630228,292.0,283.53412,42.0,41.457844,105.0,109.69491,439.0,434.6869,Jonathan Kuminga,4.3131103515625,8.46588134765625,0.5421562194824219,-4.694908142089844
1630695,8.0,7.4862857,0.0,0.0,9.0,5.3588066,17.0,12.845093,Micah Potter,4.1549072265625,0.5137143135070801,0.0,3.641193389892578
201144,150.0,161.38318,78.0,72.85559,306.0,295.64505,534.0,529.8838,Mike Conley,4.1162109375,-11.3831787109375,5.1444091796875,10.354949951171875
1628975,68.0,94.23127,102.0,106.02316,297.0,262.7013,467.0,462.95572,Jevon Carter,4.044281005859375,-26.23126983642578,-4.023162841796875,34.2987060546875
1630206,6.0,6.1009035,0.0,0.0,6.0,1.9824442,12.0,8.083347,Jay Scrubb,3.9166526794433594,-0.10090351104736328,0.0,4.017555832862854
1627863,88.0,85.48059,20.0,13.678487,102.0,107.06474,210.0,206.22382,Danuel House Jr.,3.77618408203125,2.5194091796875,6.3215131759643555,-5.0647430419921875
203482,264.0,272.73694,48.0,45.84799,174.0,163.73485,486.0,482.31976,Kelly Olynyk,3.68023681640625,-8.7369384765625,2.1520118713378906,10.265151977539062
201959,72.0,71.53549,24.0,18.976799,21.0,22.899527,117.0,113.41182,Taj Gibson,3.5881805419921875,0.464508056640625,5.023200988769531,-1.899526596069336
1631101,270.0,262.75662,86.0,85.93895,240.0,243.73436,596.0,592.42993,Shaedon Sharpe,3.570068359375,7.243377685546875,0.0610504150390625,-3.7343597412109375
1630208,258.0,252.18988,8.0,12.244109,3.0,1.0179513,269.0,265.45193,Nick Richards,3.548065185546875,5.81011962890625,-4.244109153747559,1.982048749923706
203952,188.0,186.45213,72.0,73.94978,135.0,131.25018,395.0,391.6521,Andrew Wiggins,3.347900390625,1.5478668212890625,-1.9497833251953125,3.74981689453125
1629663,4.0,4.0582113,4.0,1.7456208,6.0,4.8647013,14.0,10.668533,Louis King,3.3314666748046875,-0.058211326599121094,2.254379153251648,1.135298728942871
1629714,8.0,5.7190895,0.0,0.0,6.0,5.0042195,14.0,10.723309,Jarrell Brantley,3.276691436767578,2.2809104919433594,0.0,0.9957804679870605
1630172,250.0,271.93005,114.0,112.52293,201.0,177.27827,565.0,561.73126,Patrick Williams,3.26873779296875,-21.9300537109375,1.4770736694335938,23.721725463867188
1629630,494.0,483.56265,178.0,159.5464,255.0,280.92282,927.0,924.03186,Ja Morant,2.9681396484375,10.437347412109375,18.453598022460938,-25.922821044921875
202693,12.0,16.090103,26.0,25.197742,63.0,56.79211,101.0,98.079956,Markieff Morris,2.9200439453125,-4.0901031494140625,0.8022575378417969,6.207889556884766
1630564,8.0,9.322878,0.0,0.0,6.0,1.887996,14.0,11.210874,RaiQuan Gray,2.789126396179199,-1.3228778839111328,0.0,4.112004041671753
1630192,152.0,140.58641,2.0,2.511232,45.0,53.159615,199.0,196.25726,Zeke Nnaji,2.74273681640625,11.413589477539062,-0.5112318992614746,-8.159614562988281
1629056,110.0,109.6906,12.0,17.538063,207.0,199.10182,329.0,326.3305,Terence Davis,2.66949462890625,0.3094024658203125,-5.538063049316406,7.8981781005859375
202722,20.0,20.261196,4.0,1.642187,96.0,95.62427,120.0,117.52765,Davis Bertans,2.47235107421875,-0.2611961364746094,2.357813000679016,0.375732421875
1631165,2.0,2.2985334,0.0,1.4824643,15.0,10.770105,17.0,14.551103,Keon Ellis,2.448897361755371,-0.29853343963623047,-1.48246431350708,4.229894638061523
1630270,4.0,3.3611555,0.0,0.8326962,9.0,6.3591413,13.0,10.552993,Xavier Sneed,2.447007179260254,0.6388444900512695,-0.8326961994171143,2.6408586502075195
1630184,32.0,40.128002,14.0,13.403014,45.0,35.30973,91.0,88.840744,Kira Lewis Jr.,2.1592559814453125,-8.128002166748047,0.5969858169555664,9.690269470214844
1629674,12.0,9.921403,0.0,0.0,0.0,0.0,12.0,9.921403,Neemias Queta,2.078597068786621,2.078597068786621,0.0,0.0
1630639,18.0,17.395988,0.0,0.8418943,18.0,15.775302,36.0,34.013184,A.J. Lawson,1.98681640625,0.6040115356445312,-0.8418943285942078,2.224698066711426
1628396,6.0,6.58893,0.0,0.86251783,9.0,5.5666533,15.0,13.018101,Tony Bradley,1.9818992614746094,-0.5889301300048828,-0.8625178337097168,3.433346748352051
1628995,116.0,106.31315,30.0,29.890993,123.0,130.84013,269.0,267.04428,Kevin Knox II,1.955718994140625,9.686851501464844,0.10900688171386719,-7.8401336669921875
1630620,4.0,2.5198793,0.0,0.0,9.0,8.63911,13.0,11.158989,Darius Days,1.8410110473632812,1.4801206588745117,0.0,0.36089038848876953
1629685,2.0,1.2369512,0.0,0.0,3.0,1.9957578,5.0,3.232709,Dylan Windler,1.7672910690307617,0.7630487680435181,0.0,1.004242181777954
2738,10.0,6.6759996,0.0,0.0,0.0,1.6553833,10.0,8.331383,Andre Iguodala,1.6686172485351562,3.324000358581543,0.0,-1.6553833484649658
1629130,32.0,32.084465,14.0,11.912981,153.0,153.8655,199.0,197.86295,Duncan Robinson,1.137054443359375,-0.08446502685546875,2.0870189666748047,-0.8654937744140625
1630598,236.0,246.0798,6.0,9.963835,117.0,101.90288,359.0,357.94653,Aaron Wiggins,1.053466796875,-10.079803466796875,-3.963834762573242,15.097122192382812
1630644,10.0,9.701862,0.0,0.9297621,6.0,4.3358097,16.0,14.967434,Mac McClung,1.0325660705566406,0.2981376647949219,-0.9297621250152588,1.6641902923583984
1629735,2.0,0.9935368,0.0,0.0,0.0,0.0,2.0,0.9935368,Chris Silva,1.0064632296562195,1.0064632296562195,0.0,0.0
1629623,10.0,8.540065,4.0,2.4251919,12.0,14.091751,26.0,25.057007,Lindell Wigginton,0.9429931640625,1.459935188293457,1.574808120727539,-2.0917510986328125
1630209,24.0,23.67021,2.0,1.6746287,3.0,2.7913537,29.0,28.136192,Omer Yurtseven,0.8638076782226562,0.3297901153564453,0.32537126541137695,0.20864629745483398
1630648,0.0,1.0193354,0.0,0.0,3.0,1.1854807,3.0,2.204816,Jordan Schakel,0.7951838970184326,-1.019335389137268,0.0,1.8145192861557007
1630241,6.0,4.5168123,2.0,0.86660385,15.0,16.876225,23.0,22.25964,Sam Merrill,0.7403602600097656,1.4831876754760742,1.1333961486816406,-1.8762245178222656
1631311,0.0,0.971671,0.0,0.0,6.0,4.4001164,6.0,5.3717875,Lester Quinones,0.6282124519348145,-0.9716709852218628,0.0,1.5998835563659668
1630322,18.0,16.23174,6.0,2.5887406,111.0,115.59159,135.0,134.41206,Lindy Waters III,0.5879364013671875,1.768259048461914,3.411259412765503,-4.591590881347656
203469,54.0,48.436764,2.0,4.8416247,0.0,2.1436644,56.0,55.422054,Cody Zeller,0.5779457092285156,5.563236236572266,-2.8416247367858887,-2.1436643600463867
1629060,234.0,243.25061,158.0,135.18454,102.0,115.22543,494.0,493.66058,Rui Hachimura,0.33941650390625,-9.2506103515625,22.815460205078125,-13.225433349609375
203086,12.0,9.691437,0.0,0.9013512,12.0,13.08138,24.0,23.674168,Meyers Leonard,0.3258323669433594,2.308563232421875,-0.9013512134552002,-1.0813798904418945
1629650,86.0,85.70398,0.0,0.0,0.0,0.0,86.0,85.70398,Moses Brown,0.2960205078125,0.2960205078125,0.0,0.0
201586,28.0,26.581228,4.0,5.831388,18.0,17.33288,50.0,49.7455,Serge Ibaka,0.2545013427734375,1.418771743774414,-1.831387996673584,0.6671199798583984
1628993,6.0,4.3264546,0.0,0.0,0.0,1.5166152,6.0,5.84307,Alize Johnson,0.15692996978759766,1.6735453605651855,0.0,-1.5166151523590088
1631466,20.0,21.268623,0.0,0.0,9.0,7.695549,29.0,28.964172,Jeenathan Williams,0.03582763671875,-1.2686233520507812,0.0,1.3044509887695312
1630568,62.0,59.975254,8.0,6.8296046,24.0,27.233797,94.0,94.03865,Luka Garza,-0.0386505126953125,2.0247459411621094,1.1703953742980957,-3.233797073364258
203490,14.0,10.624051,4.0,4.2611575,12.0,15.194113,30.0,30.079323,Otto Porter Jr.,-0.07932281494140625,3.375948905944824,-0.2611575126647949,-3.194112777709961
1630792,2.0,1.8833638,0.0,0.0,3.0,3.2172027,5.0,5.1005664,Malcolm Hill,-0.10056638717651367,0.11663615703582764,0.0,-0.21720266342163086
1629603,24.0,23.699375,4.0,5.090822,21.0,20.316843,49.0,49.10704,Mamadi Diakite,-0.1070404052734375,0.3006248474121094,-1.0908222198486328,0.6831569671630859
1630531,24.0,23.882431,6.0,7.04058,6.0,5.3083873,36.0,36.2314,Jaden Springer,-0.2313995361328125,0.1175689697265625,-1.0405797958374023,0.691612720489502
1630288,22.0,19.22976,12.0,14.14865,15.0,16.014618,49.0,49.39303,Jeff Dowtin Jr.,-0.39302825927734375,2.7702407836914062,-2.1486501693725586,-1.014617919921875
203109,20.0,22.694181,12.0,13.603478,48.0,44.17638,80.0,80.47404,Jae Crowder,-0.47403717041015625,-2.694181442260742,-1.6034784317016602,3.823619842529297
1628977,288.0,281.57645,56.0,57.30033,12.0,17.71728,356.0,356.59406,Hamidou Diallo,-0.59405517578125,6.423553466796875,-1.3003311157226562,-5.717279434204102
1631112,6.0,6.6773567,2.0,0.88146317,0.0,1.1257131,8.0,8.684533,Kendall Brown,-0.6845331192016602,-0.6773567199707031,1.1185368299484253,-1.1257131099700928
1631288,48.0,41.892498,4.0,4.732086,12.0,18.068674,64.0,64.69326,Jamal Cain,-0.6932601928710938,6.107501983642578,-0.732086181640625,-6.068674087524414
1630587,50.0,45.332188,36.0,35.165928,117.0,123.37855,203.0,203.87666,Isaiah Livers,-0.8766632080078125,4.667812347412109,0.8340721130371094,-6.378547668457031
1631123,8.0,7.917082,0.0,0.8093106,6.0,6.214582,14.0,14.940974,Jamaree Bouyea,-0.940974235534668,0.08291816711425781,-0.8093106150627136,-0.21458196640014648
1630346,10.0,10.4955015,6.0,13.142337,66.0,59.3903,82.0,83.02814,Matt Ryan,-1.02813720703125,-0.4955015182495117,-7.142336845397949,6.609699249267578
202066,14.0,18.418554,0.0,3.3852153,27.0,20.263735,41.0,42.067505,Garrett Temple,-1.0675048828125,-4.418554306030273,-3.3852152824401855,6.736265182495117
1630593,44.0,43.283604,18.0,16.683527,24.0,27.13864,86.0,87.105774,McKinley Wright IV,-1.10577392578125,0.7163963317871094,1.3164730072021484,-3.138639450073242
1631120,6.0,5.697569,6.0,5.625432,6.0,7.9069934,18.0,19.229994,JD Davison,-1.2299938201904297,0.3024311065673828,0.37456798553466797,-1.9069933891296387
1629875,2.0,0.946014,2.0,4.16925,3.0,3.190668,7.0,8.305932,Xavier Moon,-1.3059320449829102,1.0539860129356384,-2.169250011444092,-0.19066810607910156
202689,12.0,11.090928,12.0,7.10542,18.0,25.121521,42.0,43.317867,Kemba Walker,-1.3178672790527344,0.9090719223022461,4.894579887390137,-7.12152099609375
1631495,4.0,3.2002594,0.0,0.0,0.0,2.1313643,4.0,5.331624,Donovan Williams,-1.3316240310668945,0.7997405529022217,0.0,-2.131364345550537
1631320,2.0,3.3770423,0.0,0.0,0.0,0.0,2.0,3.3770423,Chima Moneke,-1.377042293548584,-1.377042293548584,0.0,0.0
1626168,180.0,179.67448,4.0,4.012927,189.0,190.82532,373.0,374.51273,Trey Lyles,-1.512725830078125,0.3255157470703125,-0.012927055358886719,-1.8253173828125
1641645,24.0,24.286339,0.0,0.5916224,0.0,0.66427124,24.0,25.542233,Xavier Cooks,-1.5422325134277344,-0.28633880615234375,-0.5916224122047424,-0.6642712354660034
1631220,4.0,5.6387825,0.0,0.0,0.0,0.0,4.0,5.6387825,Dereon Seabron,-1.6387825012207031,-1.6387825012207031,0.0,0.0
1630637,0.0,4.052507,4.0,3.2511764,6.0,4.499962,10.0,11.803645,Carlik Jones,-1.803645133972168,-4.052506923675537,0.7488236427307129,1.5000381469726562
1631160,6.0,6.22309,6.0,6.8335743,9.0,9.869296,21.0,22.92596,Jordan Hall,-1.9259605407714844,-0.22309017181396484,-0.8335742950439453,-0.8692960739135742
1630563,6.0,8.573664,6.0,4.679253,9.0,9.752485,21.0,23.005402,Joshua Primo,-2.005401611328125,-2.5736637115478516,1.320746898651123,-0.7524852752685547
1630590,6.0,6.879515,0.0,0.8987824,3.0,3.278723,9.0,11.05702,Scotty Pippen Jr.,-2.0570201873779297,-0.8795151710510254,-0.8987823724746704,-0.27872300148010254
1630554,16.0,13.230627,10.0,9.502579,12.0,17.423641,38.0,40.156845,Jason Preston,-2.1568450927734375,2.7693729400634766,0.4974212646484375,-5.423641204833984
1630558,162.0,140.99123,62.0,56.558475,135.0,163.69576,359.0,361.24545,Davion Mitchell,-2.245452880859375,21.008773803710938,5.441524505615234,-28.695755004882812
1630678,58.0,54.498444,2.0,3.0502813,12.0,16.738071,72.0,74.2868,Terry Taylor,-2.2867965698242188,3.501556396484375,-1.050281286239624,-4.738071441650391
1629126,0.0,1.1777532,0.0,0.0,0.0,1.1257131,0.0,2.3034663,Deonte Burton,-2.303466320037842,-1.177753210067749,0.0,-1.1257131099700928
1630577,30.0,34.500675,8.0,5.6956725,39.0,39.13969,77.0,79.33604,Julian Champagnie,-2.3360366821289062,-4.500675201416016,2.3043274879455566,-0.13969039916992188
1631199,10.0,8.069491,0.0,0.0,3.0,7.2929797,13.0,15.362471,Ron Harper Jr.,-2.3624706268310547,1.9305086135864258,0.0,-4.292979717254639
203920,30.0,30.82708,2.0,4.275967,3.0,2.2704682,35.0,37.373516,Khem Birch,-2.373516082763672,-0.8270797729492188,-2.2759671211242676,0.7295317649841309
1629677,28.0,22.079296,0.0,1.6134186,15.0,21.720022,43.0,45.412735,Luka Samanic,-2.4127349853515625,5.920703887939453,-1.6134185791015625,-6.720022201538086
1629726,16.0,19.339905,4.0,3.9824998,135.0,134.18188,155.0,157.50429,Garrison Mathews,-2.5042877197265625,-3.33990478515625,0.01750016212463379,0.818115234375
1629662,4.0,5.4898653,0.0,0.0,0.0,1.0179513,4.0,6.5078163,Mfiondu Kabengele,-2.5078163146972656,-1.4898653030395508,0.0,-1.017951250076294
1630250,2.0,1.6155497,0.0,1.662866,3.0,4.3308268,5.0,7.6092424,Marko Simonovic,-2.6092424392700195,0.3844503164291382,-1.6628659963607788,-1.330826759338379
1631230,66.0,65.56279,12.0,12.858546,0.0,2.2514262,78.0,80.67276,Dominick Barlow,-2.672760009765625,0.4372100830078125,-0.858546257019043,-2.2514262199401855
203083,260.0,258.04932,2.0,3.4371474,0.0,3.1884232,262.0,264.6749,Andre Drummond,-2.674896240234375,1.95068359375,-1.4371473789215088,-3.1884231567382812
1628424,0.0,1.0345182,0.0,0.0,3.0,4.717925,3.0,5.7524433,Kobi Simmons,-2.752443313598633,-1.0345182418823242,0.0,-1.7179250717163086
1630267,0.0,2.331365,0.0,0.0,9.0,9.445418,9.0,11.776783,Facundo Campazzo,-2.776782989501953,-2.3313651084899902,0.0,-0.4454183578491211
1630551,6.0,9.607049,0.0,0.0,3.0,2.3098474,9.0,11.916897,Justin Champagnie,-2.9168968200683594,-3.607048988342285,0.0,0.690152645111084
1627885,16.0,17.23636,2.0,4.255268,9.0,8.578857,27.0,30.070486,Shaquille Harrison,-3.070486068725586,-1.2363605499267578,-2.255268096923828,0.421142578125
201933,76.0,71.26558,0.0,0.68073547,42.0,49.267967,118.0,121.21428,Blake Griffin,-3.2142791748046875,4.7344207763671875,-0.6807354688644409,-7.267967224121094
1631298,10.0,12.421132,0.0,0.0,9.0,9.936548,19.0,22.357681,Jack White,-3.3576812744140625,-2.4211320877075195,0.0,-0.9365482330322266
1628402,0.0,1.3915083,0.0,0.8418943,0.0,1.1257131,0.0,3.3591158,Frank Jackson,-3.3591158390045166,-1.3915083408355713,-0.8418943285942078,-1.1257131099700928
1631169,28.0,29.948677,0.0,0.8093106,6.0,6.675985,34.0,37.43397,Josh Minott,-3.433971405029297,-1.9486770629882812,-0.8093106150627136,-0.6759848594665527
1631309,0.0,0.9943579,0.0,0.0,6.0,8.457613,6.0,9.451971,Trevor Hudgins,-3.4519710540771484,-0.9943578839302063,0.0,-2.457612991333008
1631207,40.0,42.163414,6.0,4.66119,21.0,23.632065,67.0,70.456665,Dalen Terry,-3.4566650390625,-2.1634140014648438,1.3388099670410156,-2.6320648193359375
1628221,4.0,3.3954358,0.0,0.0,12.0,16.08627,16.0,19.481705,Gabe York,-3.4817047119140625,0.6045641899108887,0.0,-4.086269378662109
1630539,118.0,107.475655,6.0,11.516668,6.0,14.615731,130.0,133.60806,Kai Jones,-3.608062744140625,10.524345397949219,-5.516668319702148,-8.615731239318848
201949,28.0,27.090319,8.0,5.7832446,9.0,15.793494,45.0,48.667057,James Johnson,-3.6670570373535156,0.9096813201904297,2.2167553901672363,-6.79349422454834
1631217,38.0,41.2152,2.0,2.4844892,0.0,0.0,40.0,43.699688,Moussa Diabate,-3.699687957763672,-3.215198516845703,-0.48448920249938965,0.0
1626163,28.0,27.372557,4.0,4.7553744,18.0,21.792458,50.0,53.920387,Frank Kaminsky,-3.9203872680664062,0.6274433135986328,-0.7553744316101074,-3.7924575805664062
1631303,4.0,4.9453807,0.0,1.6922617,6.0,7.31005,10.0,13.947693,Justin Minaya,-3.94769287109375,-0.945380687713623,-1.6922616958618164,-1.3100500106811523
1631213,10.0,11.518385,4.0,4.208315,3.0,5.238982,17.0,20.965683,Tyrese Martin,-3.9656829833984375,-1.5183849334716797,-0.2083148956298828,-2.2389822006225586
1630527,46.0,51.493023,24.0,28.926493,36.0,29.551577,106.0,109.97109,Brandon Boston Jr.,-3.9710922241210938,-5.493022918701172,-4.926492691040039,6.448423385620117
1630600,18.0,21.42754,0.0,0.8559773,3.0,2.8556764,21.0,25.139194,Isaiah Mobley,-4.139194488525391,-3.427539825439453,-0.8559772968292236,0.14432358741760254
1629644,14.0,16.417295,2.0,1.5886242,18.0,20.225554,34.0,38.231476,KZ Okpala,-4.231475830078125,-2.417295455932617,0.4113757610321045,-2.225553512573242
1627788,46.0,51.393436,14.0,16.607077,45.0,41.250847,105.0,109.25136,Furkan Korkmaz,-4.2513580322265625,-5.393436431884766,-2.607076644897461,3.7491531372070312
1630249,16.0,14.839858,2.0,1.5714152,15.0,20.937061,33.0,37.348335,Vit Krejci,-4.348335266113281,1.160141944885254,0.4285848140716553,-5.937061309814453
1630696,16.0,18.68063,10.0,8.421519,9.0,12.246396,35.0,39.348545,Dru Smith,-4.348545074462891,-2.6806297302246094,1.5784807205200195,-3.246396064758301
1628425,0.0,2.2680764,0.0,0.0,0.0,2.1514301,0.0,4.4195065,Sterling Brown,-4.419506549835205,-2.2680764198303223,0.0,-2.151430130004883
1629002,186.0,175.0651,10.0,12.467744,24.0,36.97846,220.0,224.51129,Chimezie Metu,-4.51129150390625,10.934906005859375,-2.4677438735961914,-12.978458404541016
203943,18.0,22.00763,2.0,1.5327235,3.0,4.1907806,23.0,27.731133,Noah Vonleh,-4.731132507324219,-4.00762939453125,0.4672764539718628,-1.1907806396484375
1630201,46.0,56.6376,26.0,38.089943,132.0,114.1554,204.0,208.88295,Malachi Flynn,-4.8829498291015625,-10.63759994506836,-12.089942932128906,17.84459686279297
203487,6.0,8.919837,0.0,0.85034525,0.0,1.1257131,6.0,10.895895,Michael Carter-Williams,-4.895895004272461,-2.91983699798584,-0.850345253944397,-1.1257131099700928
1630176,4.0,7.172514,0.0,1.7309067,0.0,0.0,4.0,8.90342,Vernon Carey Jr.,-4.903420448303223,-3.172513961791992,-1.7309067249298096,0.0
1629731,52.0,46.40075,4.0,7.542652,87.0,94.27289,143.0,148.21628,Dean Wade,-5.216278076171875,5.599250793457031,-3.542652130126953,-7.27288818359375
1631222,24.0,26.888983,2.0,0.6422265,57.0,60.78107,83.0,88.31228,Jake LaRavia,-5.312278747558594,-2.8889827728271484,1.35777348279953,-3.7810707092285156
1629653,0.0,2.8461323,0.0,2.5661063,3.0,2.9598231,3.0,8.372062,Devon Dotson,-5.372061729431152,-2.846132278442383,-2.5661063194274902,0.0401768684387207
202709,96.0,95.19739,56.0,57.116173,141.0,146.0727,293.0,298.38626,Cory Joseph,-5.386260986328125,0.8026123046875,-1.1161727905273438,-5.07269287109375
1628998,18.0,18.67939,4.0,3.2279663,6.0,11.545839,28.0,33.453194,Cody Martin,-5.453193664550781,-0.6793899536132812,0.77203369140625,-5.545839309692383
203458,20.0,22.21248,2.0,3.365641,0.0,2.2704682,22.0,27.84859,Alex Len,-5.848590850830078,-2.2124805450439453,-1.3656411170959473,-2.270468235015869
1631107,28.0,27.782722,6.0,6.889919,18.0,23.180435,52.0,57.853077,Nikola Jovic,-5.853076934814453,0.21727752685546875,-0.8899188041687012,-5.1804351806640625
1631116,18.0,17.951199,4.0,8.797507,51.0,52.22177,73.0,78.970474,Patrick Baldwin Jr.,-5.9704742431640625,0.048801422119140625,-4.797507286071777,-1.221771240234375
1626149,214.0,210.0321,6.0,10.86808,0.0,5.170887,220.0,226.07108,Montrezl Harrell,-6.071075439453125,3.9678955078125,-4.868080139160156,-5.170886993408203
1631254,58.0,52.412727,8.0,19.308826,18.0,18.383738,84.0,90.10529,Kenneth Lofton Jr.,-6.105293273925781,5.587272644042969,-11.308826446533203,-0.38373756408691406
1628997,236.0,256.89352,84.0,71.23627,183.0,181.12645,503.0,509.25623,Caleb Martin,-6.2562255859375,-20.893524169921875,12.76373291015625,1.8735504150390625
203501,134.0,167.63774,106.0,110.247055,345.0,313.43716,585.0,591.32196,Tim Hardaway Jr.,-6.32196044921875,-33.63774108886719,-4.2470550537109375,31.562835693359375
1629033,14.0,24.627651,2.0,1.6901824,45.0,41.18876,61.0,67.50659,Theo Pinson,-6.506591796875,-10.62765121459961,0.3098175525665283,3.8112411499023438
1628464,24.0,26.101053,2.0,3.527738,6.0,8.877827,32.0,38.50662,Daniel Theis,-6.506618499755859,-2.101053237915039,-1.527738094329834,-2.877826690673828
1630702,112.0,129.3081,30.0,34.453644,132.0,116.82078,274.0,280.58252,Jaden Hardy,-6.58251953125,-17.30810546875,-4.453643798828125,15.179222106933594
1630580,0.0,3.069504,0.0,0.0,9.0,12.550275,9.0,15.619779,Joe Wieskamp,-6.619778633117676,-3.0695040225982666,0.0,-3.5502748489379883
1630225,2.0,4.1035175,2.0,1.7189991,0.0,4.9217415,4.0,10.744258,Isaiah Todd,-6.744257926940918,-2.103517532348633,0.28100085258483887,-4.921741485595703
2617,6.0,10.481444,8.0,7.866151,3.0,5.442726,17.0,23.790321,Udonis Haslem,-6.790321350097656,-4.481444358825684,0.1338491439819336,-2.4427261352539062
1631157,8.0,12.463342,0.0,0.89583427,6.0,7.7560935,14.0,21.115269,Ryan Rollins,-7.115268707275391,-4.46334171295166,-0.8958342671394348,-1.7560935020446777
1630533,78.0,75.89067,28.0,26.978752,63.0,73.29947,169.0,176.16888,Ziaire Williams,-7.16888427734375,2.1093292236328125,1.0212478637695312,-10.299468994140625
203500,232.0,237.49919,4.0,4.836665,0.0,1.0179513,236.0,243.3538,Steven Adams,-7.3538055419921875,-5.4991912841796875,-0.836665153503418,-1.017951250076294
1631099,224.0,257.20074,52.0,49.480137,306.0,282.83978,582.0,589.5206,Keegan Murray,-7.5206298828125,-33.20074462890625,2.5198631286621094,23.16021728515625
203496,84.0,97.72053,8.0,8.472492,102.0,95.43872,194.0,201.63174,Robert Covington,-7.631744384765625,-13.720527648925781,-0.4724922180175781,6.561279296875
1630846,16.0,18.744253,2.0,0.86251783,3.0,9.139432,21.0,28.746202,Olivier Sarr,-7.74620246887207,-2.744253158569336,1.1374821662902832,-6.139431953430176
203994,306.0,309.1862,12.0,13.290049,87.0,90.4006,405.0,412.87683,Jusuf Nurkic,-7.8768310546875,-3.186187744140625,-1.290048599243164,-3.4005966186523438
203521,12.0,17.180414,4.0,7.4458656,24.0,23.284817,40.0,47.911095,Matthew Dellavedova,-7.911094665527344,-5.180414199829102,-3.4458656311035156,0.7151832580566406
1630245,338.0,310.3294,56.0,60.892593,78.0,108.71285,472.0,479.93484,Ayo Dosunmu,-7.934844970703125,27.67059326171875,-4.8925933837890625,-30.712852478027344
1628964,98.0,107.48733,6.0,9.719928,93.0,87.79424,197.0,205.0015,Mo Bamba,-8.001495361328125,-9.487327575683594,-3.7199277877807617,5.205757141113281
1630181,94.0,95.73657,22.0,24.938244,84.0,87.462456,200.0,208.13727,R.J. Hampton,-8.13726806640625,-1.736572265625,-2.938243865966797,-3.4624557495117188
203114,122.0,117.77961,102.0,93.87049,114.0,134.63693,338.0,346.28702,Khris Middleton,-8.287017822265625,4.220390319824219,8.129508972167969,-20.636932373046875
1631246,14.0,13.226683,0.0,0.0,6.0,15.102583,20.0,28.329266,Vince Williams Jr.,-8.329265594482422,0.7733173370361328,0.0,-9.102582931518555
1627854,14.0,16.097178,16.0,16.415215,39.0,44.83068,69.0,77.34307,Bryn Forbes,-8.343070983886719,-2.097177505493164,-0.41521453857421875,-5.830680847167969
201587,62.0,67.00953,6.0,9.853255,189.0,188.55836,257.0,265.42114,Nicolas Batum,-8.421142578125,-5.009529113769531,-3.853255271911621,0.4416351318359375
1629633,24.0,24.075064,6.0,6.340932,3.0,11.014961,33.0,41.430954,Jarrett Culver,-8.430953979492188,-0.07506370544433594,-0.34093189239501953,-8.014961242675781
1628408,8.0,7.960229,8.0,8.023787,6.0,14.530486,22.0,30.5145,PJ Dozier,-8.51449966430664,0.039771080017089844,-0.023786544799804688,-8.530486106872559
201565,48.0,55.478935,28.0,26.086267,54.0,56.968414,130.0,138.53362,Derrick Rose,-8.533615112304688,-7.478935241699219,1.9137325286865234,-2.968414306640625
1629750,82.0,82.53661,2.0,3.2645478,21.0,27.810379,105.0,113.61154,Javonte Green,-8.611541748046875,-0.5366134643554688,-1.2645478248596191,-6.8103790283203125
1630162,564.0,565.8824,182.0,202.50119,483.0,469.31287,1229.0,1237.6965,Anthony Edwards,-8.696533203125,-1.88238525390625,-20.501190185546875,13.6871337890625
1628432,10.0,16.60313,12.0,19.947489,42.0,36.19655,64.0,72.74716,Davon Reed,-8.747161865234375,-6.603130340576172,-7.947488784790039,5.8034515380859375
1628467,56.0,52.429935,10.0,7.1733603,42.0,57.15858,108.0,116.76187,Maxi Kleber,-8.761871337890625,3.5700645446777344,2.8266396522521973,-15.158580780029297
1628988,70.0,88.44397,36.0,36.238224,93.0,83.1754,199.0,207.85759,Aaron Holiday,-8.857589721679688,-18.4439697265625,-0.23822402954101562,9.824600219726562
1628978,142.0,159.62256,12.0,18.790718,249.0,233.54897,403.0,411.96225,Donte DiVincenzo,-8.962249755859375,-17.62255859375,-6.790718078613281,15.451034545898438
1630535,18.0,20.075453,0.0,1.6761916,0.0,5.379123,18.0,27.130768,Greg Brown III,-9.130767822265625,-2.0754528045654297,-1.6761915683746338,-5.379123210906982
203493,68.0,66.218544,14.0,19.14815,198.0,204.122,280.0,289.48868,Reggie Bullock,-9.488677978515625,1.7814559936523438,-5.148149490356445,-6.1219940185546875
1631245,26.0,28.008968,6.0,3.9898033,3.0,12.633819,35.0,44.63259,Quenton Jackson,-9.632591247558594,-2.0089683532714844,2.0101966857910156,-9.633818626403809
200768,116.0,127.27459,52.0,44.713905,246.0,251.66927,414.0,423.65778,Kyle Lowry,-9.65777587890625,-11.274589538574219,7.286094665527344,-5.6692657470703125
1631111,32.0,29.05668,0.0,2.317003,6.0,16.41224,38.0,47.785923,Wendell Moore Jr.,-9.78592300415039,2.943319320678711,-2.317003011703491,-10.412239074707031
1631219,12.0,11.166737,2.0,3.3122041,12.0,21.39259,26.0,35.87153,John Butler Jr.,-9.871528625488281,0.8332633972167969,-1.312204122543335,-9.392589569091797
1628389,592.0,625.38446,286.0,256.18658,3.0,9.572664,881.0,891.1437,Bam Adebayo,-10.1436767578125,-33.38446044921875,29.81341552734375,-6.572664260864258
1631197,16.0,18.002954,4.0,2.5658631,9.0,18.625751,29.0,39.19457,Jared Rhoden,-10.194568634033203,-2.0029544830322266,1.4341368675231934,-9.625751495361328
1630235,36.0,47.109234,14.0,10.939104,0.0,2.258983,50.0,60.30732,Trent Forrest,-10.307319641113281,-11.109233856201172,3.0608959197998047,-2.2589828968048096
1628382,4.0,4.9066653,0.0,2.4421806,15.0,21.993448,19.0,29.342295,Justin Jackson,-10.342294692993164,-0.9066653251647949,-2.442180633544922,-6.993448257446289
1630194,198.0,199.88846,8.0,13.394579,3.0,6.0683746,209.0,219.35141,Paul Reed,-10.351409912109375,-1.888458251953125,-5.39457893371582,-3.0683746337890625
1628384,394.0,421.50397,94.0,84.56727,234.0,226.28987,722.0,732.3611,OG Anunoby,-10.361083984375,-27.50396728515625,9.432731628417969,7.7101287841796875
1629641,126.0,134.7173,42.0,32.308414,42.0,53.41254,210.0,220.43826,Romeo Langford,-10.438262939453125,-8.717300415039062,9.691585540771484,-11.412540435791016
203085,82.0,76.65107,0.0,3.477609,81.0,93.4559,163.0,173.58458,Austin Rivers,-10.584579467773438,5.348930358886719,-3.4776089191436768,-12.455902099609375
1630561,60.0,62.883427,6.0,5.850016,3.0,10.9362335,69.0,79.66968,David Duke Jr.,-10.669677734375,-2.8834266662597656,0.14998388290405273,-7.9362335205078125
1628371,16.0,24.533674,8.0,11.253252,15.0,13.909294,39.0,49.69622,Jonathan Isaac,-10.696220397949219,-8.533674240112305,-3.2532520294189453,1.0907058715820312
1626195,134.0,138.76529,2.0,4.7297096,9.0,12.415338,145.0,155.91034,Willy Hernangomez,-10.91033935546875,-4.765289306640625,-2.7297096252441406,-3.415337562561035
1629003,236.0,245.42575,70.0,72.59246,117.0,116.07112,423.0,434.08932,Shake Milton,-11.089324951171875,-9.425750732421875,-2.5924606323242188,0.9288787841796875
203967,130.0,130.68114,22.0,29.663847,78.0,80.76627,230.0,241.11127,Dario Saric,-11.11126708984375,-0.6811370849609375,-7.663846969604492,-2.7662734985351562
1630284,60.0,66.52087,2.0,4.187507,30.0,32.511948,92.0,103.22032,Kevon Harris,-11.220321655273438,-6.520866394042969,-2.187507152557373,-2.5119476318359375
201152,154.0,149.6035,8.0,8.935797,15.0,29.732418,177.0,188.27171,Thaddeus Young,-11.271713256835938,4.3964996337890625,-0.9357967376708984,-14.732418060302734
203476,26.0,21.78477,18.0,14.66524,45.0,63.86696,89.0,100.31696,Gorgui Dieng,-11.316963195800781,4.215230941772461,3.3347597122192383,-18.866958618164062
1630549,110.0,127.95716,4.0,3.5146031,18.0,11.888704,132.0,143.36047,Day'Ron Sharpe,-11.3604736328125,-17.95716094970703,0.4853968620300293,6.111295700073242
1629134,126.0,131.2656,78.0,75.26807,171.0,179.94482,375.0,386.4785,Kendrick Nunn,-11.478485107421875,-5.265594482421875,2.73193359375,-8.94482421875
1629162,62.0,61.271336,10.0,7.6168776,51.0,65.596245,123.0,134.48445,Jordan McLaughlin,-11.484451293945312,0.7286643981933594,2.383122444152832,-14.596244812011719
1627732,212.0,218.8472,12.0,15.759118,0.0,1.1531211,224.0,235.75943,Ben Simmons,-11.759429931640625,-6.847198486328125,-3.75911808013916,-1.1531211137771606
1631212,38.0,45.75887,2.0,4.1816125,9.0,10.864713,49.0,60.805195,Peyton Watson,-11.805194854736328,-7.758869171142578,-2.181612491607666,-1.8647127151489258
203648,40.0,42.269497,0.0,1.5653789,0.0,8.0412445,40.0,51.87612,Thanasis Antetokounmpo,-11.876121520996094,-2.2694969177246094,-1.5653789043426514,-8.041244506835938
203084,358.0,380.39636,46.0,45.632175,273.0,262.8675,677.0,688.896,Harrison Barnes,-11.89599609375,-22.3963623046875,0.3678245544433594,10.13250732421875
1631205,2.0,0.9935368,0.0,0.8798837,12.0,24.06503,14.0,25.938448,Buddy Boeheim,-11.938447952270508,1.0064632296562195,-0.8798837065696716,-12.06502914428711
1628470,176.0,193.37785,32.0,41.08589,174.0,159.47617,382.0,393.9399,Torrey Craig,-11.939910888671875,-17.377853393554688,-9.085891723632812,14.523834228515625
1629001,192.0,213.96118,30.0,35.993095,312.0,296.26837,534.0,546.22266,De'Anthony Melton,-12.22265625,-21.961181640625,-5.993095397949219,15.73162841796875
1628971,394.0,398.792,78.0,82.37737,180.0,183.07343,652.0,664.2428,Bruce Brown,-12.2427978515625,-4.7919921875,-4.377372741699219,-3.07342529296875
1630552,228.0,222.5408,20.0,24.971817,60.0,72.84727,308.0,320.3599,Jalen Johnson,-12.359893798828125,5.459197998046875,-4.9718170166015625,-12.847267150878906
1629643,28.0,29.32086,6.0,10.244569,48.0,54.81512,82.0,94.380554,Chuma Okeke,-12.38055419921875,-1.3208599090576172,-4.244568824768066,-6.815120697021484
1626153,142.0,140.38098,24.0,22.115816,84.0,99.94322,250.0,262.44,Delon Wright,-12.44000244140625,1.6190185546875,1.8841838836669922,-15.943222045898438
1630538,148.0,170.41656,48.0,61.55277,297.0,273.47446,493.0,505.4438,Bones Hyland,-12.44378662109375,-22.41656494140625,-13.55276870727539,23.525543212890625
202687,148.0,161.18726,10.0,9.359762,0.0,0.0,158.0,170.54701,Bismack Biyombo,-12.547012329101562,-13.187255859375,0.6402378082275391,0.0
203457,14.0,23.649544,8.0,11.616174,3.0,2.32003,25.0,37.585747,Nerlens Noel,-12.585746765136719,-9.649543762207031,-3.61617374420166,0.6799700260162354
201609,80.0,89.950485,72.0,75.486885,126.0,125.16659,278.0,290.60394,Goran Dragic,-12.60394287109375,-9.950485229492188,-3.4868850708007812,0.8334121704101562
1630528,162.0,160.62654,68.0,58.692616,54.0,77.30806,284.0,296.6272,Josh Christopher,-12.627197265625,1.3734588623046875,9.307384490966797,-23.308059692382812
1629048,92.0,94.74614,2.0,3.384789,18.0,26.97826,112.0,125.10919,Goga Bitadze,-13.10919189453125,-2.7461395263671875,-1.384788990020752,-8.978260040283203
1631128,184.0,185.15974,8.0,18.03885,78.0,80.08963,270.0,283.2882,Christian Braun,-13.2882080078125,-1.1597442626953125,-10.038850784301758,-2.089630126953125
1628410,142.0,158.2303,22.0,19.941608,66.0,65.21114,230.0,243.38306,Edmond Sumner,-13.383056640625,-16.230300903320312,2.058391571044922,0.7888565063476562
1630195,2.0,10.614118,4.0,4.298943,0.0,4.563459,6.0,19.47652,Leandro Bolmaro,-13.476520538330078,-8.614117622375488,-0.29894304275512695,-4.5634589195251465
1628370,316.0,319.97772,64.0,62.189465,300.0,311.36526,680.0,693.5325,Malik Monk,-13.532470703125,-3.97772216796875,1.8105354309082031,-11.365264892578125
1631105,334.0,340.2962,10.0,15.662248,0.0,1.7710166,344.0,357.72946,Jalen Duren,-13.729461669921875,-6.29620361328125,-5.662247657775879,-1.7710165977478027
1629021,240.0,239.00827,6.0,5.7459464,108.0,123.065346,354.0,367.81958,Moritz Wagner,-13.819580078125,0.991729736328125,0.25405359268188477,-15.065345764160156
203473,92.0,104.631744,18.0,12.90082,27.0,33.4012,137.0,150.93376,Dewayne Dedmon,-13.933761596679688,-12.631744384765625,5.099180221557617,-6.4011993408203125
1630548,16.0,18.538507,18.0,16.25253,36.0,49.24196,70.0,84.033,Johnny Juzang,-14.032997131347656,-2.5385074615478516,1.7474708557128906,-13.241958618164062
1627853,2.0,7.3402863,0.0,5.620332,15.0,18.117695,17.0,31.078312,Ryan Arcidiacono,-14.078311920166016,-5.3402862548828125,-5.620331764221191,-3.117694854736328
1629678,56.0,49.698124,0.0,0.84568447,39.0,58.547264,95.0,109.09107,Admiral Schofield,-14.091072082519531,6.301876068115234,-0.8456844687461853,-19.547264099121094
1630167,174.0,181.06294,8.0,12.168059,138.0,140.99957,320.0,334.2306,Obi Toppin,-14.2305908203125,-7.0629425048828125,-4.168059349060059,-2.99957275390625
1630177,86.0,90.72027,42.0,38.035255,69.0,82.52674,197.0,211.28226,Theo Maledon,-14.282257080078125,-4.720268249511719,3.9647445678710938,-13.526741027832031
202685,448.0,440.41586,100.0,108.81972,69.0,82.43647,617.0,631.67206,Jonas Valanciunas,-14.67205810546875,7.584136962890625,-8.819717407226562,-13.436470031738281
1630243,10.0,13.570398,0.0,0.9321301,3.0,13.351836,13.0,27.854364,Trevelin Queen,-14.854364395141602,-3.5703983306884766,-0.9321300983428955,-10.351836204528809
1630202,64.0,73.76928,20.0,18.773832,117.0,123.53042,201.0,216.07352,Payton Pritchard,-15.073516845703125,-9.769279479980469,1.2261676788330078,-6.530418395996094
1629308,96.0,94.86264,14.0,12.940666,15.0,32.330738,125.0,140.13405,Juan Toscano-Anderson,-15.134048461914062,1.137359619140625,1.0593338012695312,-17.330738067626953
1630596,624.0,601.304,116.0,117.96933,33.0,69.39341,773.0,788.66675,Evan Mobley,-15.666748046875,22.69598388671875,-1.969329833984375,-36.393409729003906
1630264,108.0,104.91415,4.0,3.970038,9.0,27.96598,121.0,136.85016,Anthony Gill,-15.85015869140625,3.0858535766601562,0.02996206283569336,-18.965980529785156
1630699,80.0,86.03937,16.0,23.66428,108.0,110.179054,204.0,219.8827,MarJon Beauchamp,-15.882705688476562,-6.03936767578125,-7.664279937744141,-2.1790542602539062
1627823,54.0,53.55603,0.0,1.7177608,48.0,62.634502,102.0,117.908295,Juancho Hernangomez,-15.908294677734375,0.4439697265625,-1.7177608013153076,-14.634502410888672
1631115,64.0,70.18668,0.0,3.5428646,0.0,6.301788,64.0,80.031334,Orlando Robinson,-16.031333923339844,-6.186683654785156,-3.5428645610809326,-6.301787853240967
1630256,152.0,153.38081,6.0,7.7535577,24.0,37.074604,182.0,198.20898,Jae'Sean Tate,-16.208984375,-1.3808135986328125,-1.7535576820373535,-13.074604034423828
203115,90.0,115.43875,48.0,55.730083,174.0,157.55139,312.0,328.7202,Will Barton,-16.72021484375,-25.438751220703125,-7.730083465576172,16.4486083984375
1628981,84.0,97.58335,2.0,3.1926172,0.0,1.9957578,86.0,102.77173,Bruno Fernando,-16.771728515625,-13.583351135253906,-1.1926171779632568,-1.995757818222046
1626166,124.0,141.58673,76.0,76.640915,156.0,154.64096,356.0,372.8686,Cameron Payne,-16.86859130859375,-17.58673095703125,-0.6409149169921875,1.359039306640625
202397,36.0,36.986687,42.0,53.901314,6.0,10.032601,84.0,100.9206,Ish Smith,-16.92060089111328,-0.9866867065429688,-11.901313781738281,-4.032601356506348
1629670,154.0,170.47383,36.0,46.268387,165.0,155.80557,355.0,372.5478,Jordan Nwora,-17.54779052734375,-16.473831176757812,-10.268386840820312,9.194427490234375
1630200,282.0,284.46445,172.0,165.12784,96.0,118.17198,550.0,567.7643,Tre Jones,-17.7642822265625,-2.464447021484375,6.872161865234375,-22.171981811523438
1629013,52.0,63.76984,20.0,33.78015,144.0,136.56407,216.0,234.11406,Landry Shamet,-18.114059448242188,-11.769840240478516,-13.7801513671875,7.4359283447265625
1630595,44.0,58.167988,64.0,51.758385,36.0,52.380596,144.0,162.30696,Cade Cunningham,-18.306961059570312,-14.167987823486328,12.241615295410156,-16.380596160888672
1631102,36.0,32.60693,40.0,39.49003,48.0,70.733765,124.0,142.83072,TyTy Washington Jr.,-18.830718994140625,3.3930702209472656,0.5099716186523438,-22.7337646484375
1630613,50.0,71.84286,46.0,47.079395,99.0,95.1773,195.0,214.09955,Duane Washington Jr.,-19.09954833984375,-21.842857360839844,-1.0793952941894531,3.8227005004882812
1630625,68.0,68.209984,6.0,17.691282,36.0,43.215096,110.0,129.11636,Dalano Banton,-19.116363525390625,-0.20998382568359375,-11.691282272338867,-7.215095520019531
201567,90.0,94.50023,34.0,31.777403,174.0,190.84712,298.0,317.12476,Kevin Love,-19.124755859375,-4.5002288818359375,2.222597122192383,-16.847122192382812
203506,102.0,120.640564,56.0,54.01294,156.0,158.5368,314.0,333.1903,Victor Oladipo,-19.1903076171875,-18.64056396484375,1.987060546875,-2.53680419921875
200782,70.0,89.218346,12.0,11.421965,87.0,87.554825,169.0,188.19513,P.J. Tucker,-19.19512939453125,-19.218345642089844,0.5780353546142578,-0.5548248291015625
1630553,60.0,72.088264,12.0,23.72828,84.0,79.593124,156.0,175.40967,Keon Johnson,-19.40966796875,-12.088264465332031,-11.728279113769531,4.4068756103515625
203585,28.0,45.114532,6.0,9.177281,60.0,59.27692,94.0,113.56873,Rodney McGruder,-19.56873321533203,-17.114532470703125,-3.177281379699707,0.7230796813964844
1629669,262.0,269.01712,102.0,79.37326,165.0,200.22185,529.0,548.6122,Jaylen Nowell,-19.6121826171875,-7.017120361328125,22.626739501953125,-35.22184753417969
1629312,94.0,102.41962,10.0,16.36791,66.0,70.87731,170.0,189.66484,Haywood Highsmith,-19.664840698242188,-8.41961669921875,-6.367910385131836,-4.877311706542969
1631216,30.0,42.837257,6.0,8.91852,93.0,96.92091,129.0,148.6767,Caleb Houstan,-19.67669677734375,-12.837257385253906,-2.918519973754883,-3.9209136962890625
1631113,44.0,57.516823,16.0,11.561579,6.0,16.84246,66.0,85.92086,Kennedy Chandler,-19.920860290527344,-13.516822814941406,4.438421249389648,-10.842460632324219
1630556,32.0,35.657383,6.0,7.2167497,30.0,45.55192,68.0,88.426056,Kessler Edwards,-20.426055908203125,-3.6573829650878906,-1.216749668121338,-15.551921844482422
201976,98.0,106.62071,24.0,17.403969,162.0,180.56703,284.0,304.59174,Patrick Beverley,-20.59173583984375,-8.620712280273438,6.596031188964844,-18.567031860351562
1629676,80.0,84.92093,10.0,12.832616,36.0,49.287365,126.0,147.04091,Isaiah Roby,-21.040908813476562,-4.920928955078125,-2.832615852355957,-13.287364959716797
1631098,54.0,63.29042,38.0,36.37636,36.0,49.602913,128.0,149.2697,Johnny Davis,-21.269699096679688,-9.290420532226562,1.6236381530761719,-13.602912902832031
1629614,226.0,231.6413,108.0,113.27595,177.0,187.55194,511.0,532.4692,Andrew Nembhard,-21.46917724609375,-5.64129638671875,-5.275947570800781,-10.55194091796875
203095,22.0,26.672007,16.0,19.62942,75.0,88.4069,113.0,134.70833,Evan Fournier,-21.708328247070312,-4.672006607055664,-3.6294193267822266,-13.406898498535156
1628381,352.0,345.3893,82.0,72.27393,105.0,143.32466,539.0,560.9879,John Collins,-21.9879150390625,6.610687255859375,9.726066589355469,-38.32466125488281
1631119,70.0,86.632256,36.0,33.93236,60.0,67.82936,166.0,188.39398,Jaylin Williams,-22.39398193359375,-16.63225555419922,2.067638397216797,-7.8293609619140625
1631172,80.0,76.01065,6.0,9.625659,42.0,64.77251,128.0,150.40881,Ousmane Dieng,-22.4088134765625,3.989349365234375,-3.6256589889526367,-22.772506713867188
1630688,46.0,56.014545,4.0,3.3033328,87.0,100.68388,137.0,160.00175,Ish Wainright,-23.001754760742188,-10.014545440673828,0.6966671943664551,-13.683883666992188
1629640,484.0,467.69385,64.0,81.602936,234.0,255.80728,782.0,805.10406,Keldon Johnson,-23.10406494140625,16.30615234375,-17.602935791015625,-21.807281494140625
1626192,104.0,113.66423,6.0,3.2427733,153.0,169.44109,263.0,286.34808,Pat Connaughton,-23.34808349609375,-9.664230346679688,2.7572267055511475,-16.441085815429688
1630205,140.0,157.88318,42.0,43.693848,60.0,64.09866,242.0,265.6757,Lamar Stevens,-23.675689697265625,-17.8831787109375,-1.69384765625,-4.098663330078125
1626179,350.0,380.35614,198.0,181.20209,360.0,370.19662,908.0,931.7548,Terry Rozier,-23.75482177734375,-30.35614013671875,16.79791259765625,-10.196624755859375
1630583,256.0,259.33673,18.0,16.734941,147.0,168.83153,421.0,444.9032,Santi Aldama,-23.9031982421875,-3.33673095703125,1.2650585174560547,-21.831527709960938
1630550,74.0,80.46421,26.0,30.13106,78.0,91.73469,178.0,202.32996,JT Thor,-24.3299560546875,-6.464210510253906,-4.131059646606445,-13.734687805175781
1630586,110.0,135.69653,0.0,0.0,45.0,43.84858,155.0,179.5451,Usman Garuba,-24.54510498046875,-25.696533203125,0.0,1.1514205932617188
1628386,422.0,433.23138,44.0,49.29154,3.0,11.060329,469.0,493.58325,Jarrett Allen,-24.583251953125,-11.23138427734375,-5.291538238525391,-8.06032943725586
1630164,224.0,226.24553,30.0,42.3353,12.0,22.012167,266.0,290.593,James Wiseman,-24.592987060546875,-2.2455291748046875,-12.33530044555664,-10.012166976928711
1630174,210.0,248.55315,40.0,38.054962,231.0,219.20628,481.0,505.8144,Aaron Nesmith,-24.81439208984375,-38.55314636230469,1.945037841796875,11.793716430664062
1628373,32.0,42.463966,28.0,19.78157,36.0,58.593254,96.0,120.83879,Frank Ntilikina,-24.838790893554688,-10.463966369628906,8.218429565429688,-22.59325408935547
202704,182.0,201.54312,112.0,104.517525,219.0,232.09424,513.0,538.1549,Reggie Jackson,-25.1549072265625,-19.543121337890625,7.482475280761719,-13.09423828125
1631121,90.0,102.14846,8.0,16.99296,60.0,64.264534,158.0,183.40594,Bryce McGowens,-25.40594482421875,-12.148460388183594,-8.992959976196289,-4.264533996582031
1630547,50.0,61.434727,22.0,22.836252,72.0,86.06206,144.0,170.33304,James Bouknight,-26.333038330078125,-11.43472671508789,-0.8362522125244141,-14.062057495117188
1627832,196.0,227.25131,174.0,158.64037,417.0,427.474,787.0,813.3657,Fred VanVleet,-26.36572265625,-31.251312255859375,15.359634399414062,-10.4739990234375
203110,348.0,353.41534,18.0,24.568066,72.0,86.55366,438.0,464.53705,Draymond Green,-26.53704833984375,-5.41534423828125,-6.568065643310547,-14.553657531738281
1626224,224.0,235.7931,10.0,18.284569,207.0,213.50854,441.0,467.58624,Cedi Osman,-26.58624267578125,-11.793106079101562,-8.284568786621094,-6.508544921875
203200,46.0,44.37497,16.0,23.338985,87.0,107.99101,149.0,175.70497,Justin Holiday,-26.704971313476562,1.625030517578125,-7.338985443115234,-20.991012573242188
201937,24.0,37.468185,48.0,41.266113,45.0,65.28039,117.0,144.01468,Ricky Rubio,-27.014678955078125,-13.468185424804688,6.73388671875,-20.28038787841797
201145,200.0,200.22714,22.0,29.45545,51.0,70.418945,273.0,300.10153,Jeff Green,-27.101531982421875,-0.227142333984375,-7.455450057983398,-19.4189453125
1630240,62.0,81.868004,6.0,11.061471,21.0,23.436186,89.0,116.36566,Saben Lee,-27.36566162109375,-19.868003845214844,-5.061470985412598,-2.436185836791992
1630700,108.0,122.144516,10.0,12.198507,63.0,74.15,181.0,208.49303,Dyson Daniels,-27.493026733398438,-14.144515991210938,-2.198507308959961,-11.150001525878906
1631132,108.0,126.20512,10.0,9.8138485,3.0,12.519712,121.0,148.53868,Christian Koloko,-27.538681030273438,-18.205116271972656,0.18615150451660156,-9.519712448120117
202322,98.0,97.85079,46.0,62.90556,69.0,80.36694,213.0,241.12329,John Wall,-28.123291015625,0.14920806884765625,-16.905559539794922,-11.366943359375
1630534,136.0,152.03781,14.0,15.244587,135.0,145.91554,285.0,313.19794,Ochai Agbaji,-28.19793701171875,-16.037811279296875,-1.2445869445800781,-10.915542602539062
1631103,178.0,179.7217,134.0,114.1248,123.0,169.40837,435.0,463.25488,Malaki Branham,-28.2548828125,-1.7216949462890625,19.875198364257812,-46.40837097167969
202083,28.0,33.36176,10.0,8.177472,63.0,87.87125,101.0,129.41048,Wesley Matthews,-28.410476684570312,-5.361759185791016,1.8225278854370117,-24.871246337890625
1629647,104.0,126.44375,8.0,12.14314,36.0,37.893883,148.0,176.48077,Darius Bazley,-28.48077392578125,-22.443748474121094,-4.143139839172363,-1.8938827514648438
1629629,150.0,146.86943,20.0,22.484417,75.0,104.13481,245.0,273.48865,Cam Reddish,-28.4886474609375,3.1305694580078125,-2.484416961669922,-29.134811401367188
1630543,242.0,265.14096,16.0,14.434017,6.0,12.947339,264.0,292.5223,NBA Players & Team Rosters,-28.522308349609375,-23.140960693359375,1.5659828186035156,-6.947339057922363
1630191,206.0,232.21518,16.0,8.467532,75.0,85.527794,297.0,326.2105,Isaiah Stewart,-29.21051025390625,-26.215179443359375,7.532467842102051,-10.527793884277344
1628972,144.0,167.63934,28.0,30.933296,180.0,182.74232,352.0,381.31497,Troy Brown Jr.,-29.314971923828125,-23.63934326171875,-2.9332962036132812,-2.7423248291015625
1630540,52.0,54.7175,20.0,27.20194,87.0,106.57439,159.0,188.49382,NBA Players & Team Rosters,-29.493820190429688,-2.717498779296875,-7.201940536499023,-19.574386596679688
1631323,64.0,83.137505,34.0,32.8117,144.0,155.88821,242.0,271.83743,Simone Fontecchio,-29.837432861328125,-19.13750457763672,1.1883010864257812,-11.888214111328125
1629637,118.0,125.31344,2.0,3.3199346,9.0,30.668344,129.0,159.30171,Jaxson Hayes,-30.301712036132812,-7.313438415527344,-1.319934606552124,-21.668344497680664
1629599,60.0,77.63746,22.0,26.622139,24.0,32.385006,106.0,136.6446,Amir Coffey,-30.644607543945312,-17.63745880126953,-4.622138977050781,-8.385005950927734
1627884,148.0,156.15863,2.0,0.86660385,45.0,68.699745,195.0,225.72498,Derrick Jones Jr.,-30.7249755859375,-8.15863037109375,1.1333961486816406,-23.699745178222656
1629111,226.0,224.61626,20.0,24.190214,36.0,64.36643,282.0,313.1729,Jock Landale,-31.17291259765625,1.3837432861328125,-4.190214157104492,-28.366432189941406
1630197,104.0,125.37349,14.0,16.69622,60.0,67.47647,178.0,209.54617,Aleksej Pokusevski,-31.546173095703125,-21.373489379882812,-2.6962203979492188,-7.476470947265625
1631223,180.0,188.91527,20.0,16.128042,114.0,140.65309,314.0,345.6964,David Roddy,-31.6964111328125,-8.915267944335938,3.871957778930664,-26.653091430664062
1629680,106.0,128.3382,4.0,3.3106031,84.0,94.491585,194.0,226.14038,Matisse Thybulle,-32.140380859375,-22.33819580078125,0.689396858215332,-10.491584777832031
1629023,350.0,362.14813,92.0,98.9145,276.0,289.22253,718.0,750.28516,P.J. Washington,-32.28515625,-12.14813232421875,-6.914497375488281,-13.2225341796875
1630526,128.0,146.57675,10.0,12.379776,54.0,66.3093,192.0,225.26584,Jeremiah Robinson-Earl,-33.265838623046875,-18.576751708984375,-2.3797760009765625,-12.309303283691406
1628966,244.0,266.3159,26.0,26.866068,72.0,82.090836,342.0,375.2728,Keita Bates-Diop,-33.272796630859375,-22.315887451171875,-0.8660678863525391,-10.090835571289062
1630591,164.0,183.32042,56.0,57.29847,141.0,153.85907,361.0,394.47797,Jalen Suggs,-33.47796630859375,-19.320419311523438,-1.2984695434570312,-12.85906982421875
1630180,302.0,321.23114,56.0,70.03745,291.0,291.26855,649.0,682.5371,Saddiq Bey,-33.537109375,-19.23114013671875,-14.037452697753906,-0.2685546875
1629723,132.0,153.31874,8.0,10.386222,123.0,132.92664,263.0,296.6316,John Konchar,-33.631591796875,-21.318740844726562,-2.3862218856811523,-9.9266357421875
1628392,236.0,252.2669,34.0,36.563522,18.0,33.25543,288.0,322.08588,Isaiah Hartenstein,-34.08587646484375,-16.26690673828125,-2.5635223388671875,-15.255428314208984
1630631,182.0,190.64323,26.0,32.07531,144.0,164.00528,352.0,386.72382,Jose Alvarado,-34.72381591796875,-8.643234252929688,-6.075309753417969,-20.005279541015625
1629022,200.0,212.1404,56.0,58.407703,147.0,167.5941,403.0,438.1422,Lonnie Walker IV,-35.1422119140625,-12.140396118164062,-2.407703399658203,-20.594100952148438
1631133,90.0,116.33209,16.0,16.524101,33.0,41.70631,139.0,174.5625,Jabari Walker,-35.5625,-26.33209228515625,-0.5241012573242188,-8.706310272216797
200752,68.0,80.63929,76.0,67.14986,87.0,120.030014,231.0,267.81915,Rudy Gay,-36.81915283203125,-12.639289855957031,8.850143432617188,-33.03001403808594
1629622,202.0,211.84961,24.0,23.125462,279.0,307.24603,505.0,542.22107,Max Strus,-37.2210693359375,-9.849609375,0.8745384216308594,-28.24603271484375
1630647,118.0,135.38531,2.0,3.9507766,33.0,50.924862,153.0,190.26096,Eugene Omoruyi,-37.260955810546875,-17.38531494140625,-1.9507765769958496,-17.924861907958984
203935,202.0,210.77687,34.0,35.338768,180.0,207.82607,416.0,453.9417,Marcus Smart,-37.94171142578125,-8.776870727539062,-1.3387680053710938,-27.826065063476562
1628449,278.0,293.6302,30.0,27.136019,117.0,142.33534,425.0,463.10156,Chris Boucher,-38.1015625,-15.63018798828125,2.863981246948242,-25.335342407226562
1629667,310.0,345.07217,52.0,55.667328,159.0,160.24458,521.0,560.9841,Jalen McDaniels,-39.98406982421875,-35.072174072265625,-3.667327880859375,-1.2445831298828125
1626162,288.0,329.5331,106.0,90.49805,198.0,212.39607,592.0,632.42725,Kelly Oubre Jr.,-40.42724609375,-41.533111572265625,15.501953125,-14.396072387695312
1630230,292.0,308.4808,50.0,52.104748,135.0,156.88278,477.0,517.4683,Naji Marshall,-40.46832275390625,-16.480804443359375,-2.104747772216797,-21.882781982421875
1630544,132.0,146.55127,72.0,67.9658,186.0,215.98825,390.0,430.5053,Tre Mann,-40.50531005859375,-14.55126953125,4.034202575683594,-29.988250732421875
1630188,296.0,292.1027,24.0,34.820854,78.0,112.29016,398.0,439.2137,Jalen Smith,-41.213714599609375,3.897308349609375,-10.820854187011719,-34.2901611328125
1630173,256.0,255.6322,16.0,29.697176,60.0,88.59387,332.0,373.92325,Precious Achiuwa,-41.923248291015625,0.3677978515625,-13.697175979614258,-28.5938720703125
1630572,94.0,115.07378,6.0,8.726986,27.0,45.285664,127.0,169.08643,Sandro Mamukelashvili,-42.08642578125,-21.073776245117188,-2.7269859313964844,-18.285663604736328
1630537,84.0,96.651405,42.0,57.62013,138.0,152.34337,264.0,306.6149,Chris Duarte,-42.614898681640625,-12.651405334472656,-15.620128631591797,-14.343368530273438
1630529,306.0,331.81113,12.0,23.063005,81.0,86.93791,399.0,441.81204,Herbert Jones,-42.812042236328125,-25.811126708984375,-11.063005447387695,-5.9379119873046875
1630163,156.0,191.45732,80.0,83.13988,249.0,253.5549,485.0,528.1521,LaMelo Ball,-43.152099609375,-35.45732116699219,-3.1398773193359375,-4.554901123046875
1630227,74.0,89.78392,4.0,5.475633,93.0,119.32194,171.0,214.58148,Daishen Nix,-43.58148193359375,-15.783920288085938,-1.475633144378662,-26.321937561035156
1629673,416.0,417.79794,146.0,156.97417,450.0,481.12793,1012.0,1055.9,Jordan Poole,-43.9000244140625,-1.797943115234375,-10.974166870117188,-31.1279296875
1631110,310.0,322.16003,60.0,61.477547,54.0,84.89591,424.0,468.5335,Jeremy Sochan,-44.53350830078125,-12.1600341796875,-1.4775466918945312,-30.895912170410156
203471,186.0,220.94846,152.0,134.99225,156.0,185.01428,494.0,540.95496,Dennis Schroder,-46.9549560546875,-34.948455810546875,17.00775146484375,-29.0142822265625
1629020,322.0,345.75336,10.0,18.30209,51.0,65.968895,383.0,430.02435,Jarred Vanderbilt,-47.02435302734375,-23.75335693359375,-8.30208969116211,-14.968894958496094
1628398,468.0,461.27872,96.0,120.936295,267.0,296.6766,831.0,878.8916,Kyle Kuzma,-47.8916015625,6.721282958984375,-24.936294555664062,-29.676605224609375
1626220,116.0,158.02133,8.0,13.233588,225.0,228.31966,349.0,399.5746,Royce O'Neale,-50.5745849609375,-42.021331787109375,-5.233588218688965,-3.3196563720703125
1627827,160.0,180.39764,4.0,6.121666,120.0,148.29173,284.0,334.81104,Dorian Finney-Smith,-50.81103515625,-20.39764404296875,-2.1216659545898438,-28.291732788085938
1630165,136.0,167.83508,210.0,197.69746,177.0,210.1009,523.0,575.6334,Killian Hayes,-52.6334228515625,-31.8350830078125,12.302536010742188,-33.10090637207031
1630166,310.0,318.56827,10.0,18.565706,141.0,176.62311,461.0,513.7571,Deni Avdija,-52.757080078125,-8.568267822265625,-8.565706253051758,-35.62310791015625
1631095,270.0,279.52145,168.0,176.49245,225.0,260.76965,663.0,716.78357,Jabari Smith Jr.,-53.7835693359375,-9.521453857421875,-8.492446899414062,-35.7696533203125
1626159,104.0,136.83385,20.0,27.067907,15.0,29.73907,139.0,193.64082,Justise Winslow,-54.64082336425781,-32.83384704589844,-7.067907333374023,-14.739070892333984
1628372,220.0,224.71925,52.0,76.93205,57.0,83.37248,329.0,385.0238,Dennis Smith Jr.,-56.0238037109375,-4.7192535400390625,-24.932052612304688,-26.372482299804688
1631104,64.0,104.00149,16.0,41.870224,51.0,43.143787,131.0,189.0155,Blake Wesley,-58.0155029296875,-40.001487731933594,-25.870223999023438,7.856212615966797
1629052,130.0,165.44916,2.0,7.180194,96.0,113.48759,228.0,286.11694,Oshae Brissett,-58.116943359375,-35.44915771484375,-5.180193901062012,-17.487586975097656
1630224,442.0,487.8916,184.0,181.07986,420.0,442.99368,1046.0,1111.9651,Jalen Green,-65.965087890625,-45.8916015625,2.920135498046875,-22.993682861328125
1631097,436.0,486.5761,84.0,91.8864,264.0,272.33716,784.0,850.7997,Bennedict Mathurin,-66.7996826171875,-50.57611083984375,-7.8863983154296875,-8.337158203125
1630581,566.0,618.0622,148.0,134.06522,123.0,152.82047,837.0,904.9479,Josh Giddey,-67.9478759765625,-52.06219482421875,13.934783935546875,-29.820465087890625
1629659,246.0,272.85275,70.0,73.14111,123.0,170.27032,439.0,516.26416,Talen Horton-Tucker,-77.26416015625,-26.852752685546875,-3.14111328125,-47.27032470703125
1631093,312.0,368.19632,138.0,142.03433,261.0,278.1042,711.0,788.33484,Jaden Ivey,-77.3348388671875,-56.196319580078125,-4.034332275390625,-17.10418701171875
1628415,278.0,310.26163,144.0,160.90448,291.0,319.67804,713.0,790.8441,Dillon Brooks,-77.8441162109375,-32.261627197265625,-16.90447998046875,-28.67803955078125
1629006,150.0,196.2305,24.0,32.399643,90.0,117.12661,264.0,345.75674,Josh Okogie,-81.75674438476562,-46.230499267578125,-8.399642944335938,-27.126609802246094
1629628,524.0,562.77826,70.0,94.64451,213.0,233.45137,807.0,890.87415,RJ Barrett,-83.8741455078125,-38.77825927734375,-24.644508361816406,-20.451370239257812
201566,402.0,435.4015,122.0,134.18593,186.0,226.9109,710.0,796.4983,Russell Westbrook,-86.498291015625,-33.4014892578125,-12.185928344726562,-40.91090393066406
1631106,346.0,431.16324,12.0,22.177786,117.0,110.91989,475.0,564.2609,Tari Eason,-89.26092529296875,-85.16323852539062,-10.177785873413086,6.080108642578125
1629027,390.0,453.4756,268.0,256.06253,348.0,385.98087,1006.0,1095.519,Trae Young,-89.51904296875,-63.4755859375,11.937469482421875,-37.980865478515625
1629652,322.0,398.8928,34.0,38.701965,231.0,257.99933,587.0,695.5941,Luguentz Dort,-108.5941162109375,-76.89279174804688,-4.70196533203125,-26.99932861328125
1630567,470.0,497.5565,116.0,154.16414,129.0,172.64209,715.0,824.3627,Scottie Barnes,-109.3626708984375,-27.556488037109375,-38.16413879394531,-43.64208984375
1631094,444.0,496.64972,190.0,200.38936,189.0,235.33424,823.0,932.3733,Paolo Banchero,-109.373291015625,-52.64971923828125,-10.389358520507812,-46.33424377441406
